view,index,pred_psnr,pred_ssim,pred_rmse,fbp_psnr,fbp_ssim,fbp_rmse
180,0,37.14936103054838,0.9285138383290364,0.013884554617106915,17.02788919817473,0.3614882916600655,0.14080093801021576
180,1,36.705030479058955,0.920920450460044,0.01461330708116293,16.5163921387221,0.35432963849786964,0.14934146404266357
180,2,38.64583871363632,0.9512535778627068,0.011687135323882103,16.88167916129599,0.31152914741892423,0.14319109916687012
180,3,39.13451989347699,0.9539482950142705,0.011047754436731339,17.156303790694885,0.3688728701474403,0.1387346088886261
180,4,38.588280368303124,0.9516993286643789,0.011764838360249996,16.837643712878723,0.30016677478261516,0.14391888678073883
180,5,37.47699878298813,0.9322654249633551,0.0133705735206604,15.342918967864808,0.35126931973875003,0.17094407975673676
180,6,37.45016154330263,0.9218398189422774,0.013411950320005417,15.967670610899813,0.3533926470593431,0.15908032655715942
180,7,39.02818559113914,0.9544360674660479,0.01118383463472128,16.994399315337606,0.3180639275465329,0.14134487509727478
180,8,37.64350089288362,0.9370260069773862,0.01311671081930399,15.391086859818387,0.3450502183391795,0.16999870538711548
180,9,38.054563499802235,0.9452768914238685,0.012510417960584164,16.64702989149727,0.3111732836772531,0.1471121460199356
180,10,38.88321431260237,0.9541671442006047,0.011372063308954239,16.819907617508544,0.30336355259954306,0.14421306550502777
180,11,37.23359896184755,0.933449311065445,0.013750550337135792,16.082925359330847,0.3293306977433753,0.1569833904504776
180,12,36.6307766916305,0.9020233822857608,0.01473876740783453,15.030257698565066,0.33989538948647846,0.17720955610275269
180,13,37.795197161143854,0.936445021171402,0.01288962084800005,16.964873987169394,0.341658711687764,0.14182615280151367
180,14,36.63520009884493,0.9230548579310657,0.014731263741850853,15.432170375148893,0.28412849069490703,0.16919653117656708
180,15,36.07541330653842,0.9080910100581878,0.015711922198534012,15.726024725818814,0.32374871914287157,0.1635681390762329
180,16,38.224436822673304,0.9473664058513612,0.0122681250795722,16.68106176898742,0.32329620406715603,0.14653687179088593
180,17,38.442812633387405,0.9484076733256698,0.011963531374931335,16.9684942009547,0.31410185113638117,0.14176703989505768
180,18,36.4478347753959,0.918542150886633,0.015052487142384052,15.953869146765356,0.325674641097365,0.15933328866958618
180,19,36.032768397975005,0.9089499640267239,0.015789253637194633,15.712493987563182,0.31576475421087613,0.16382315754890442
180,20,36.40806893648203,0.919839993945295,0.01512155868113041,16.08275500877925,0.32349437297596845,0.15698647499084473
180,21,37.82358382023,0.9216455526374285,0.012847565114498138,14.78284596695439,0.3287777702599746,0.18232980370521545
180,22,37.60767823882293,0.9374402281383488,0.013170918449759483,15.431423889019973,0.3418363215542934,0.16921108961105347
180,23,36.84062313393414,0.9256203771038418,0.01438695378601551,15.953403227248646,0.299540523239525,0.15934184193611145
180,24,37.33842582842761,0.9300488683487879,0.013585596345365047,17.005145940520702,0.3587731795251592,0.14117009937763214
180,25,36.956026905395554,0.9260405088400401,0.014197067357599735,15.413225652384392,0.28993281552384437,0.16956599056720734
180,26,37.18919007760233,0.931129169436249,0.013821033760905266,16.82595821101337,0.3303334851041631,0.14411266148090363
180,27,36.76459494128798,0.9189504519163142,0.014513435773551464,15.449374267972388,0.3130025172553041,0.1688617467880249
180,28,37.766067089949345,0.9408895567307748,0.012932921759784222,15.89889230758433,0.3073440692076898,0.16034498810768127
180,29,38.08971088782682,0.9410755897604836,0.012459896504878998,16.553482186914206,0.3758984616220999,0.1487051099538803
180,30,38.56491616591738,0.9496429075356915,0.011796528473496437,16.665277559906603,0.29388218812058536,0.14680340886116028
180,31,36.93229594207155,0.9238498022250633,0.014235909096896648,16.44449705479181,0.31204406296398157,0.1505827158689499
180,32,37.68350265643326,0.9255829078114031,0.013056442141532898,16.030689417040996,0.36019000678484697,0.15793031454086304
180,33,36.91112014938822,0.9259415634614007,0.014270657673478127,15.364079552382142,0.2791619136063052,0.1705281287431717
180,34,37.67592674594722,0.9364525813488912,0.013067835941910744,17.241731451395562,0.3272723026624739,0.1373768150806427
180,35,36.15910573534082,0.9102359304758608,0.015561257489025593,15.780255183547105,0.33400764270153716,0.16255010664463043
180,36,38.322568558260414,0.941126756967642,0.012130300514400005,15.764250217199642,0.29829187456034106,0.16284988820552826
180,37,37.9653546600716,0.94105422365975,0.01263956818729639,15.820982439279431,0.2883402595974035,0.1617897003889084
180,38,37.763744095087944,0.9361902864557382,0.012936380691826344,16.919724627165298,0.34796038796124085,0.1425652801990509
180,39,37.6195734014382,0.9357390013876691,0.01315289456397295,17.306427695529187,0.3425961573138009,0.1363573670387268
180,40,37.50270026125822,0.9230311842887851,0.013331068679690361,15.972841064759546,0.3542196905442323,0.15898564457893372
180,41,37.73554854984927,0.9398711549588812,0.012978442013263702,17.37214737428859,0.3471094930834049,0.13532952964305878
180,42,37.928011384662504,0.9428198712900946,0.01269402727484703,15.292849765503806,0.26668619958533424,0.17193232476711273
180,43,37.43018203402392,0.933012550448648,0.01344283577054739,15.542018955747821,0.33990873121184306,0.16707022488117218
180,44,38.5084122647222,0.9487480247803233,0.0118735171854496,16.995844101869572,0.31432891793327333,0.1413213461637497
180,45,38.13907149553971,0.9425870625464243,0.012389292009174824,17.04769840990705,0.32342944330766266,0.1404801905155182
180,46,36.93966786318698,0.9266818959384623,0.01422383077442646,15.954125790358624,0.302135905498488,0.15932857990264893
180,47,37.747625159655016,0.9405953211514756,0.012960410676896572,15.307173370532393,0.2627201175242061,0.1716490238904953
180,48,37.76060488355802,0.919036367666128,0.012941056862473488,14.827888078915642,0.33479608495386787,0.1813867837190628
180,49,36.96897948464853,0.9296679335274001,0.01417591329663992,16.280938171449613,0.30284175718473344,0.15344512462615967
180,50,37.911470479276375,0.9430576311531254,0.01271822489798069,15.79551232217038,0.29630542722997855,0.1622648388147354
180,51,38.05197743250152,0.9251904341869359,0.0125141441822052,15.087935036267538,0.3351758612391777,0.17603670060634613
180,52,38.164246874985714,0.9491176034956761,0.012353433296084404,17.501410352212005,0.34884696319351033,0.13333049416542053
180,53,37.26700400364246,0.9181818516946235,0.01369776763021946,15.751770613897769,0.3782270292690625,0.16308404505252838
180,54,38.965142568443305,0.954861390105276,0.011265303939580917,16.85200286585143,0.30543676104398076,0.14368115365505219
180,55,37.492196923421545,0.9339610119215362,0.013347200118005276,15.304067126494845,0.28317148408045345,0.17171041667461395
180,56,36.883885325412244,0.9258137864707042,0.014315473847091198,16.198131058258237,0.3369794942694687,0.1549150049686432
180,57,37.33867004497334,0.9323549096808231,0.013585214503109455,16.817416484371126,0.33324827456139966,0.14425444602966309
180,58,38.152299441070966,0.9451413756231615,0.012370436452329159,17.28613514369862,0.35394191090349864,0.13667631149291992
180,59,36.14281760921246,0.9087922963913654,0.015590466558933258,15.745325216261037,0.3382026306893383,0.1632051169872284
180,60,37.934821542313564,0.9364522637165236,0.012684077955782413,17.250999444044783,0.33552071711613674,0.1372303068637848
180,61,37.99747822822467,0.9473180709063569,0.012592908926308155,17.49758926051573,0.3449574427114556,0.13338914513587952
180,62,38.80172009368668,0.9523566624003657,0.011479262262582779,16.579678661026694,0.294208348328606,0.148257315158844
180,63,36.68927756156642,0.9268073004861832,0.014639832079410553,16.44452471156364,0.28285131595080976,0.1505822390317917
180,64,37.67352150227628,0.9366538759407719,0.0130714550614357,17.280631230878708,0.3277535090481059,0.13676293194293976
180,65,38.275016391251896,0.9411435469854211,0.012196891941130161,15.626982582868493,0.2975950265351253,0.16544394195079803
180,66,37.56553331872287,0.9176140104101577,0.013234980404376984,14.801894260543717,0.3349913152645734,0.18193040788173676
180,67,37.45271433194192,0.9302570792750428,0.01340800803154707,15.42070893199497,0.3333500799077596,0.16941994428634644
180,68,37.90596483178379,0.9405446620384117,0.01272629015147686,15.777123622684586,0.307583926462836,0.16260872781276703
180,69,37.80356565090525,0.9408004291424674,0.012877208180725574,15.875794764696883,0.2830503873467313,0.1607719361782074
180,70,38.24768983129911,0.9457896699837192,0.012235324829816818,17.023787047961317,0.3251938237987113,0.1408674418926239
180,71,37.32781693500726,0.9313247923352348,0.013602199964225292,16.797666698304997,0.3346678344145504,0.1445828080177307
180,72,36.39853674302944,0.9198735068280623,0.015138163231313229,15.907209533496578,0.3229932461623845,0.16019152104854584
180,73,37.9209826041643,0.9175380217355359,0.012704303488135338,14.804214995566644,0.3365653702368201,0.18188180029392242
180,74,37.67851007385542,0.9373939001954589,0.013063949532806873,17.32036727370218,0.3428192141987329,0.1361387073993683
180,75,37.03190747383788,0.9250652283600159,0.014073580503463745,16.177377460441093,0.32524085515608164,0.1552855670452118
180,76,37.61547475704208,0.9154098175614006,0.013159101828932762,14.794021740730397,0.33535595415734065,0.18209536373615265
180,77,38.115796843322954,0.9397198004464105,0.012422533705830574,17.012048173665242,0.3486663483430195,0.14105795323848724
180,78,38.0310064854301,0.9419189098733943,0.012544393539428711,17.044716363619347,0.32201326158592614,0.14052844047546387
180,79,36.271499617383746,0.9120196422805887,0.015361195430159569,15.786402332117678,0.3375110777268556,0.16243509948253632
180,80,37.60022012242676,0.9350975007996654,0.013182233087718487,15.52925133209843,0.3291094892644929,0.1673159897327423
180,81,37.842617314097936,0.9412608779873997,0.01281944289803505,15.315501208185722,0.26587144393343554,0.17148452997207642
180,82,38.481368357366165,0.9489241761409142,0.011910543777048588,17.202653248933927,0.36821757565592805,0.13799627125263214
180,83,36.616572522861894,0.9196833289008547,0.01476288866251707,15.988598378597983,0.32116188058169665,0.15869750082492828
180,84,37.89357112807306,0.9433414023991901,0.012744461186230183,16.769890613560715,0.3121231955286658,0.1450459063053131
180,85,37.88355175159673,0.9409607947899219,0.01275916863232851,16.54296883345344,0.36519294672604097,0.14888520538806915
180,86,38.072881456914544,0.9449132973200599,0.01248406246304512,16.81072509225458,0.3295960059265242,0.1443656086921692
180,87,37.754360204759124,0.9217817348320851,0.01295036356896162,14.947556157701998,0.3360378636094989,0.17890489101409912
180,88,38.04777564292329,0.9377831455481369,0.012520198710262775,15.319137726304675,0.3133168230340045,0.17141275107860565
180,89,38.19165322232262,0.9434021980051003,0.012314516119658947,15.879115937297064,0.29488379992267705,0.16071048378944397
180,90,36.419507509237924,0.911923705681965,0.015101657249033451,15.793694556795021,0.31937842527834787,0.162298783659935
180,91,37.50898290325056,0.9354404804697151,0.01332142949104309,15.305087204821252,0.2656200609863125,0.17169025540351868
180,92,37.81025294071036,0.9418845614666884,0.012867298908531666,15.321059265838485,0.2651106826275346,0.1713748276233673
180,93,36.62720210427352,0.9227872802832549,0.01474483497440815,16.04318685776059,0.3463629647713224,0.15770326554775238
180,94,37.94928523229032,0.9436780672995632,0.012662973254919052,15.76164305384906,0.3047027383043846,0.16289877891540527
180,95,36.69795509245447,0.9131403081706524,0.014625214971601963,15.837205961082852,0.30487868536014867,0.16148778796195984
180,96,37.70091537525293,0.9372120885954034,0.013030294328927994,17.10482927613882,0.362208686718525,0.13955922424793243
180,97,37.42606261334471,0.9213355139579791,0.013449213467538357,15.949979503016339,0.35428635115768614,0.1594046801328659
180,98,37.86309611828801,0.9437609039195237,0.012789253145456314,16.729312677267515,0.30669577051963876,0.1457251012325287
180,99,37.870290246003144,0.9375399491259644,0.01277866493910551,17.031090046776434,0.34229216500046233,0.14074906706809998
180,100,39.34653662985773,0.9581538848392669,0.010781349614262581,17.957262580142444,0.3622157354991491,0.1265134960412979
180,101,37.020966245956316,0.927424785629906,0.014091319404542446,16.20728396474344,0.33139916039846606,0.15475182235240936
180,102,38.33663909130977,0.9428422872248323,0.012110665440559387,17.559251931636194,0.3490451662232217,0.1324455589056015
180,103,37.476376861496355,0.9353587293559219,0.01337153185158968,15.530147202180618,0.33642193385257596,0.16729871928691864
180,104,37.387428978461266,0.9317306433253753,0.013509167358279228,16.798999047090486,0.3383607378626005,0.14456063508987427
180,105,38.35851884498362,0.9470718226748217,0.012080198153853416,15.899303445020315,0.29249437456669647,0.1603374034166336
180,106,38.35722027371061,0.9404904405588033,0.01208200491964817,15.759271258363448,0.28859405130478577,0.1629432737827301
180,107,38.60281816787721,0.949563030064344,0.01174516323953867,17.245304644837823,0.3663817166736713,0.13732030987739563
180,108,37.325177596022215,0.9303652891984622,0.01360633410513401,17.01775768716741,0.3570392758865944,0.1409652680158615
180,109,38.06732814608917,0.940352676814416,0.012492045760154724,15.60485880020526,0.3069064431529875,0.16586588323116302
180,110,37.99544568687744,0.9408422135003145,0.012595856562256813,15.839885465687484,0.2870710761630094,0.16143798828125
180,111,38.418395553348255,0.944378481652389,0.011997207999229431,17.026402195511015,0.327203302572833,0.1408250480890274
180,112,37.06986492640874,0.9288659579572349,0.014012213796377182,16.15838421013539,0.34353463791065914,0.15562550723552704
180,113,39.35247623351409,0.9577623309976725,0.010773980058729649,17.939128961920773,0.36108192738664635,0.12677790224552155
180,114,38.639340759699834,0.9523348631956235,0.011695881374180317,16.85467673199962,0.30251068030259715,0.14363695681095123
180,115,37.48011346224624,0.9221543404840234,0.013365781866014004,15.952636258278144,0.35264943787410336,0.15935590863227844
180,116,36.871409204112034,0.9105153107925393,0.014336049556732178,15.017738949777788,0.3419208163901823,0.17746514081954956
180,117,37.48267786540742,0.9163451353954729,0.013361834920942783,14.774308050958929,0.3408677460327888,0.18250912427902222
180,118,38.402019294996364,0.946354986885566,0.012019849382340908,16.686692110196827,0.38243090886223685,0.14644190669059753
180,119,37.42762001417639,0.915974494463987,0.013446802273392677,15.919795366283925,0.3485215877764958,0.1599595695734024
180,120,37.20384992802094,0.930094118198543,0.013797726482152939,16.86073386770255,0.34771739325453394,0.14353682100772858
180,121,36.52668226222613,0.9199479855893855,0.014916464686393738,15.931308716487646,0.32529947315301044,0.15974768996238708
180,122,36.683420838799854,0.9216749393772253,0.014649706892669201,16.460234326408052,0.3386428099717323,0.15031012892723083
180,123,37.633042043103714,0.9418668628249368,0.013132515363395214,15.776288117788331,0.320879029490058,0.16262435913085938
180,124,36.69087951379173,0.928287825871313,0.014637133106589317,16.356818105094067,0.279332471630857,0.15211047232151031
180,125,36.76018038114581,0.9083755062924225,0.014520814642310143,15.028652282856791,0.3418629129092683,0.17724229395389557
180,126,37.42986743953422,0.9358528550300399,0.013443323783576488,15.515524360640372,0.3387341930705867,0.16758060455322266
180,127,38.2908643665223,0.9471342063750432,0.012174658477306366,17.03401426549208,0.32176134670619566,0.14070168137550354
180,128,37.908906041357774,0.9398825648543568,0.012721980921924114,17.128465396279932,0.3415356075235088,0.13917995989322662
180,129,37.87511876584079,0.9386032596951901,0.012771563604474068,15.286258342795904,0.2730010452497918,0.17206282913684845
180,130,37.73515915311164,0.9431490499461632,0.012979025021195412,15.924728159878569,0.28799974047816396,0.1598687469959259
180,131,38.305753039425745,0.9453642686603949,0.0121538070961833,15.886148230685258,0.2913306880300115,0.16058041155338287
180,132,38.57673008711268,0.9524170284437203,0.011780492961406708,17.55313895698643,0.3522953945667526,0.1325388103723526
180,133,37.36645963830617,0.9384988449423206,0.013541819527745247,16.748028378016716,0.31948618751439156,0.1454114466905594
180,134,38.02294674035296,0.9404131967034318,0.012556039728224277,17.21039661651372,0.32536070090038616,0.13787329196929932
180,135,36.10839876255934,0.9165678157011926,0.01565236784517765,15.844036006401268,0.32549720703080853,0.16136085987091064
180,136,37.14277265031339,0.9261953975861096,0.013895089738070965,15.423694561210848,0.2993647989860189,0.16936174035072327
180,137,36.860643829527476,0.922810125869599,0.014353830367326736,16.078249462497055,0.31281238330853933,0.1570679247379303
180,138,37.377088272240734,0.9276091027963789,0.013525258749723434,15.347925673178768,0.33151561275447616,0.17084558308124542
180,139,38.31161278899356,0.9433611902995898,0.01214561052620411,15.829250850612084,0.2951600454950056,0.16163577139377594
180,140,38.25553447871965,0.9458881294714695,0.012224279344081879,17.322179425740938,0.3576829892667645,0.136110320687294
180,141,37.79763522119808,0.9391716262926559,0.012886003591120243,15.771979781846586,0.3075144550089914,0.16270503401756287
180,142,37.74463470951551,0.9208303686443121,0.01296487357467413,14.77781744727228,0.3325019062296115,0.18243539333343506
180,143,37.02679738464353,0.9306303941238367,0.014081863686442375,16.030031938870778,0.32779678509792703,0.1579422801733017
180,144,38.120019809475714,0.9379265906914792,0.012416494078934193,15.288858146852103,0.3099992722652014,0.1720113605260849
180,145,37.703041166158904,0.9321020353009017,0.01302710548043251,15.544172863201455,0.3259757195119263,0.16702879965305328
180,146,37.71761160428702,0.9403280550727382,0.013005271553993225,16.81421158915558,0.32553497026549,0.1443076729774475
180,147,38.34979151553572,0.9477673512409183,0.012092342600226402,17.09637431332139,0.3148507409018532,0.13969513773918152
180,148,37.69624899642376,0.9416358410181289,0.013037296012043953,15.718397113973811,0.32089999212073633,0.16371187567710876
180,149,38.700241476261795,0.9519805737678598,0.011614162474870682,16.991836755809985,0.3170803664648691,0.14138656854629517
180,150,36.82741144392218,0.925491512353568,0.014408853836357594,16.232185273835892,0.3014423813662092,0.15430881083011627
180,151,36.906334393256955,0.9269252064158009,0.01427852176129818,16.133359052475043,0.34308066064028553,0.15607453882694244
180,152,37.207799479052774,0.9178593293684684,0.013791453093290329,15.136511736512158,0.3336607029806196,0.17505496740341187
180,153,37.76359587552558,0.9357108241060806,0.012936600483953953,15.537794856640497,0.32098967747893886,0.16715148091316223
180,154,36.69954759339073,0.919519425332059,0.01462253462523222,15.43986668203483,0.32043618275571045,0.16904668509960175
180,155,37.169350756524246,0.9282678783318229,0.013852638192474842,16.210011555036164,0.33222954957861534,0.15470324456691742
180,156,37.2301657384071,0.932681892530187,0.013755984604358673,15.909315547354543,0.2955002026635277,0.16015267372131348
180,157,37.76578023788748,0.9394700783644354,0.012933348305523396,16.631044062292318,0.36599607031425463,0.14738313853740692
180,158,36.780798195260786,0.920256421724825,0.014486386440694332,16.528410485666427,0.35437108146594215,0.14913496375083923
180,159,37.920100002935115,0.9418669649713668,0.012705594301223755,16.295501198608562,0.309195452362903,0.1531880646944046
180,160,37.67315251000708,0.9397108862242616,0.013072009198367596,15.469924525593552,0.3355049511822631,0.16846270859241486
180,161,36.35495299554285,0.9185632744230783,0.015214313752949238,15.872112447318711,0.32305590680933055,0.16084010899066925
180,162,37.49360330375958,0.9341742937069023,0.013345038518309593,16.735437502752845,0.35571538779508244,0.1456223875284195
180,163,39.00387746385694,0.9547632315077584,0.011215176433324814,16.831670703108934,0.30497890182847054,0.14401790499687195
180,164,37.963893283950846,0.9393132727996041,0.012641695328056812,17.176600808416513,0.36396935256935276,0.1384107917547226
180,165,36.72935603484087,0.923060236507731,0.014572437852621078,16.122164106778783,0.32216442688810354,0.15627582371234894
180,166,36.63043933067727,0.9253134003291905,0.014739340171217918,16.127824582394133,0.33024217149966617,0.15617401897907257
180,167,37.9509121775098,0.9407304506466566,0.012660603038966656,15.785560771428651,0.2973578659838499,0.1624508500099182
180,168,37.48720774875629,0.9227379891572675,0.01335486862808466,15.988295610622083,0.35301247582646605,0.1587030440568924
180,169,37.03377962108448,0.9291166828111271,0.014070547185838223,16.872955836798987,0.3577513880750303,0.1433349996805191
180,170,36.82623760625197,0.9274116605252978,0.014410801231861115,16.068396499144157,0.3244153582966022,0.15724621713161469
180,171,37.89185270838216,0.9388755412046144,0.012746980413794518,15.643852752016226,0.295522849078988,0.16512291133403778
180,172,37.265719476543865,0.9309861453195384,0.013699793256819248,16.607791316844054,0.3653971836060252,0.1477782130241394
180,173,37.906219660723394,0.9145716195634113,0.012725913897156715,14.800951638679079,0.32877299600971116,0.1819501519203186
180,174,38.0070345622333,0.9436381827896847,0.012579062022268772,17.306390957922684,0.3560509578936883,0.13635794818401337
180,175,37.182600149146204,0.9180326495671491,0.013831522315740585,15.759609880780358,0.37826028569941333,0.16293691098690033
180,176,36.81300920304882,0.9222779543286143,0.014432764612138271,16.06598077245263,0.3174804818936374,0.15728995203971863
180,177,36.50596934414886,0.9220530554356916,0.014952077530324459,16.098046543024992,0.32032483990523253,0.15671032667160034
180,178,38.487555957424114,0.9485626173311089,0.011902062222361565,17.190183712797147,0.3687250040410293,0.1381945163011551
180,179,37.01583916403681,0.924956583561743,0.01409964170306921,16.14821841247774,0.32182423898254187,0.1558077484369278
180,180,37.39816117870707,0.9351400265887935,0.013492484577000141,15.492570792465031,0.3391457148102667,0.16802404820919037
180,181,36.68117251660697,0.915154074929571,0.014653499238193035,15.85970761532863,0.3045487846582939,0.16106998920440674
180,182,37.46389784869805,0.934356676893715,0.013390756212174892,16.747695262896183,0.35896173920057495,0.1454170197248459
180,183,37.0171830040101,0.9269988281182745,0.014097459614276886,15.855335243096897,0.3016385741122002,0.16115108132362366
180,184,37.741477365365384,0.9178914002432839,0.012969586066901684,14.823222669631186,0.33451707031433414,0.18148422241210938
180,185,37.13350191385785,0.9293443110927626,0.013909928500652313,16.20052940488279,0.3333539424213627,0.15487223863601685
180,186,37.08679584448114,0.9303228243573091,0.013984926976263523,16.302173106537122,0.3000323101641867,0.15307043492794037
180,187,37.01002752610515,0.9275960206910496,0.01410907693207264,16.045619966252712,0.3201394437179843,0.15765908360481262
180,188,36.406520725339206,0.9174946145780596,0.015124253928661346,15.998462765987334,0.34629323489351443,0.15851736068725586
180,189,37.101536636205346,0.9300656954727077,0.013961213640868664,16.091799567583777,0.33019522627736486,0.15682309865951538
180,190,37.134197530204695,0.9313222481699235,0.013908815570175648,15.881399367508608,0.29691033815199747,0.1606682389974594
180,191,36.47559489659619,0.9125396264167807,0.015004456043243408,15.452128898192253,0.30207006347549165,0.1688082069158554
180,192,38.02909578982335,0.9426077632734485,0.012547153048217297,15.806966973157536,0.3014180521427869,0.1620509773492813
180,193,37.33191031101149,0.9218366312689446,0.013595790602266788,15.170539800445525,0.33275436201069347,0.17437051236629486
180,194,37.59481453730245,0.926657870227326,0.013190440833568573,16.098708996980438,0.36511395408787106,0.15669839084148407
180,195,38.03510210293819,0.9458472588955027,0.012538479641079903,16.640468540237453,0.3186016604070768,0.14722329378128052
180,196,37.202567332159255,0.9304007753807636,0.013799763284623623,16.70271627202225,0.36592814763058884,0.14617198705673218
180,197,36.58933723225735,0.9221826408334132,0.014809253625571728,16.025462831360155,0.3441911612089025,0.15802539885044098
180,198,37.63511573680233,0.9365371828328916,0.013129379600286484,15.40362434371528,0.3452477186462385,0.1697535216808319
180,199,37.295782051617024,0.9362542497734188,0.013652459718286991,16.047151797618167,0.32607527944786246,0.1576312780380249
