"task","sparse_factor","slice_index","psnr","ssim"
"module_no_ct_S2","2","0","32.90028381347656","0.8919527530670166"
"module_no_ct_S2","2","1","32.178428649902344","0.8762120008468628"
"module_no_ct_S2","2","2","34.764610290527344","0.9169626832008362"
"module_no_ct_S2","2","3","34.31513214111328","0.9228166341781616"
"module_no_ct_S2","2","4","34.678531646728516","0.9167342782020569"
"module_no_ct_S2","2","5","34.028160095214844","0.9166617393493652"
"module_no_ct_S2","2","6","33.054317474365234","0.8631283640861511"
"module_no_ct_S2","2","7","28.364131927490234","0.8368178606033325"
"module_no_ct_S2","2","8","33.835960388183594","0.9198124408721924"
"module_no_ct_S2","2","9","34.2374267578125","0.9185481071472168"
"module_no_ct_S2","2","10","33.667606353759766","0.916899561882019"
"module_no_ct_S2","2","11","33.088924407958984","0.8940635323524475"
"module_no_ct_S2","2","12","32.40684127807617","0.8228490352630615"
"module_no_ct_S2","2","13","33.23461151123047","0.9007129669189453"
"module_no_ct_S2","2","14","32.22130584716797","0.8685928583145142"
"module_no_ct_S2","2","15","32.0567626953125","0.8583990931510925"
"module_no_ct_S2","2","16","34.19536209106445","0.9168555736541748"
"module_no_ct_S2","2","17","34.69580078125","0.9114856719970703"
"module_no_ct_S2","2","18","32.35829162597656","0.8774659633636475"
"module_no_ct_S2","2","19","31.976844787597656","0.86232590675354"
"module_no_ct_S2","2","20","32.771446228027344","0.8845726251602173"
"module_no_ct_S2","2","21","34.14359664916992","0.8931944370269775"
"module_no_ct_S2","2","22","34.03948211669922","0.9205353856086731"
"module_no_ct_S2","2","23","32.382904052734375","0.8833332657814026"
"module_no_ct_S2","2","24","33.02149200439453","0.8917765021324158"
"module_no_ct_S2","2","25","33.079078674316406","0.8828229904174805"
"module_no_ct_S2","2","26","27.599077224731445","0.8118103742599487"
"module_no_ct_S2","2","27","32.640262603759766","0.8698674440383911"
"module_no_ct_S2","2","28","34.199859619140625","0.9233673810958862"
"module_no_ct_S2","2","29","33.37551498413086","0.9033219218254089"
"module_no_ct_S2","2","30","34.95414352416992","0.9119185209274292"
"module_no_ct_S2","2","31","32.854339599609375","0.8880431056022644"
"module_no_ct_S2","2","32","33.32973861694336","0.8693609237670898"
"module_no_ct_S2","2","33","32.84854507446289","0.8782699108123779"
"module_no_ct_S2","2","34","33.208946228027344","0.8960103988647461"
"module_no_ct_S2","2","35","31.877595901489258","0.8621383309364319"
"module_no_ct_S2","2","36","34.63976287841797","0.9205833673477173"
"module_no_ct_S2","2","37","27.415794372558594","0.7840666174888611"
"module_no_ct_S2","2","38","33.154544830322266","0.8985446095466614"
"module_no_ct_S2","2","39","33.07855224609375","0.8910485506057739"
"module_no_ct_S2","2","40","33.09360885620117","0.8643484115600586"
"module_no_ct_S2","2","41","33.18656539916992","0.8958210945129395"
"module_no_ct_S2","2","42","33.78688430786133","0.9040944576263428"
"module_no_ct_S2","2","43","33.92856979370117","0.9241647124290466"
"module_no_ct_S2","2","44","34.64369201660156","0.9112024903297424"
"module_no_ct_S2","2","45","33.57277297973633","0.9051991701126099"
"module_no_ct_S2","2","46","32.370086669921875","0.8826774954795837"
"module_no_ct_S2","2","47","33.68278121948242","0.9016678333282471"
"module_no_ct_S2","2","48","25.64735221862793","0.6402683854103088"
"module_no_ct_S2","2","49","32.444122314453125","0.8867384195327759"
"module_no_ct_S2","2","50","33.89284133911133","0.9211620688438416"
"module_no_ct_S2","2","51","34.515743255615234","0.9034082889556885"
"module_no_ct_S2","2","52","33.30908966064453","0.910926103591919"
"module_no_ct_S2","2","53","32.84309005737305","0.8583498597145081"
"module_no_ct_S2","2","54","33.69196319580078","0.9175290465354919"
"module_no_ct_S2","2","55","33.65568542480469","0.8933985233306885"
"module_no_ct_S2","2","56","32.49430847167969","0.8841677904129028"
"module_no_ct_S2","2","57","33.3765754699707","0.9007604718208313"
"module_no_ct_S2","2","58","33.89161682128906","0.9156172275543213"
"module_no_ct_S2","2","59","26.356725692749023","0.7308991551399231"
"module_no_ct_S2","2","60","33.598350524902344","0.8907099962234497"
"module_no_ct_S2","2","61","33.451717376708984","0.910596489906311"
"module_no_ct_S2","2","62","34.9893913269043","0.9170403480529785"
"module_no_ct_S2","2","63","32.33296585083008","0.8939766883850098"
"module_no_ct_S2","2","64","33.29924774169922","0.8968318104743958"
"module_no_ct_S2","2","65","34.66191101074219","0.9236107468605042"
"module_no_ct_S2","2","66","33.985069274902344","0.8887497782707214"
"module_no_ct_S2","2","67","33.47957229614258","0.8819488286972046"
"module_no_ct_S2","2","68","34.414146423339844","0.9250063896179199"
"module_no_ct_S2","2","69","33.7227783203125","0.9207838773727417"
"module_no_ct_S2","2","70","28.350399017333984","0.8407192230224609"
"module_no_ct_S2","2","71","33.28112030029297","0.8995027542114258"
"module_no_ct_S2","2","72","32.74298095703125","0.8832212090492249"
"module_no_ct_S2","2","73","34.24127197265625","0.8867720365524292"
"module_no_ct_S2","2","74","33.179012298583984","0.8920985460281372"
"module_no_ct_S2","2","75","32.63142013549805","0.8824435472488403"
"module_no_ct_S2","2","76","33.978946685791016","0.8884254097938538"
"module_no_ct_S2","2","77","33.34830856323242","0.9038746356964111"
"module_no_ct_S2","2","78","33.24215316772461","0.9043824076652527"
"module_no_ct_S2","2","79","32.12515640258789","0.8644915819168091"
"module_no_ct_S2","2","80","33.96874237060547","0.9222044944763184"
"module_no_ct_S2","2","81","26.693477630615234","0.7362532019615173"
"module_no_ct_S2","2","82","34.34565734863281","0.9217544198036194"
"module_no_ct_S2","2","83","32.33466339111328","0.8767225742340088"
"module_no_ct_S2","2","84","33.95639419555664","0.9149782657623291"
"module_no_ct_S2","2","85","33.59787368774414","0.9075801968574524"
"module_no_ct_S2","2","86","34.264404296875","0.9183651804924011"
"module_no_ct_S2","2","87","34.184959411621094","0.8958753347396851"
"module_no_ct_S2","2","88","34.64264678955078","0.9202627539634705"
"module_no_ct_S2","2","89","34.12726593017578","0.9220841526985168"
"module_no_ct_S2","2","90","32.37746810913086","0.8652275204658508"
"module_no_ct_S2","2","91","33.77137756347656","0.8952715396881104"
"module_no_ct_S2","2","92","26.730138778686523","0.737637996673584"
"module_no_ct_S2","2","93","32.548606872558594","0.8812108635902405"
"module_no_ct_S2","2","94","34.831817626953125","0.9283816814422607"
"module_no_ct_S2","2","95","32.92176818847656","0.8652642369270325"
"module_no_ct_S2","2","96","33.39032745361328","0.9023339748382568"
"module_no_ct_S2","2","97","32.871978759765625","0.8614590167999268"
"module_no_ct_S2","2","98","33.977500915527344","0.9155548810958862"
"module_no_ct_S2","2","99","33.064720153808594","0.8990516066551208"
"module_no_ct_S2","2","100","34.380348205566406","0.933462381362915"
"module_no_ct_S2","2","101","32.64094543457031","0.889323353767395"
"module_no_ct_S2","2","102","33.64460754394531","0.9099869728088379"
"module_no_ct_S2","2","103","26.874494552612305","0.7539201378822327"
"module_no_ct_S2","2","104","33.396114349365234","0.9005249738693237"
"module_no_ct_S2","2","105","34.350379943847656","0.9267656803131104"
"module_no_ct_S2","2","106","35.140785217285156","0.9216665029525757"
"module_no_ct_S2","2","107","34.46100616455078","0.9225847125053406"
"module_no_ct_S2","2","108","32.99017333984375","0.8911945223808289"
"module_no_ct_S2","2","109","34.83584213256836","0.9257599115371704"
"module_no_ct_S2","2","110","34.15754318237305","0.9203966856002808"
"module_no_ct_S2","2","111","33.86502456665039","0.912431001663208"
"module_no_ct_S2","2","112","33.021278381347656","0.8868300914764404"
"module_no_ct_S2","2","113","34.43405532836914","0.9330212473869324"
"module_no_ct_S2","2","114","28.036487579345703","0.8044049143791199"
"module_no_ct_S2","2","115","33.021541595458984","0.8641824722290039"
"module_no_ct_S2","2","116","32.292396545410156","0.8389008045196533"
"module_no_ct_S2","2","117","33.259395599365234","0.8857895135879517"
"module_no_ct_S2","2","118","34.03936767578125","0.9133275747299194"
"module_no_ct_S2","2","119","33.017127990722656","0.853464663028717"
"module_no_ct_S2","2","120","33.03651428222656","0.8933517932891846"
"module_no_ct_S2","2","121","32.520137786865234","0.8784630298614502"
"module_no_ct_S2","2","122","32.42024612426758","0.8811354041099548"
"module_no_ct_S2","2","123","33.61632537841797","0.909605085849762"
"module_no_ct_S2","2","124","32.52275085449219","0.8960574865341187"
"module_no_ct_S2","2","125","25.88121223449707","0.6676592230796814"
"module_no_ct_S2","2","126","33.82463836669922","0.9228302836418152"
"module_no_ct_S2","2","127","33.42149353027344","0.9149695038795471"
"module_no_ct_S2","2","128","33.32416915893555","0.9047983884811401"
"module_no_ct_S2","2","129","33.91348648071289","0.896899938583374"
"module_no_ct_S2","2","130","33.55667495727539","0.920432448387146"
"module_no_ct_S2","2","131","34.4929313659668","0.9282425045967102"
"module_no_ct_S2","2","132","34.04029846191406","0.9175492525100708"
"module_no_ct_S2","2","133","33.4793586730957","0.910686731338501"
"module_no_ct_S2","2","134","33.83504104614258","0.8990451097488403"
"module_no_ct_S2","2","135","32.55611801147461","0.8746976852416992"
"module_no_ct_S2","2","136","26.67523193359375","0.7379436492919922"
"module_no_ct_S2","2","137","32.896629333496094","0.8858258128166199"
"module_no_ct_S2","2","138","33.43596267700195","0.8755669593811035"
"module_no_ct_S2","2","139","34.21949768066406","0.9214783906936646"
"module_no_ct_S2","2","140","34.119422912597656","0.9183688163757324"
"module_no_ct_S2","2","141","34.25672149658203","0.923764705657959"
"module_no_ct_S2","2","142","34.11814880371094","0.893233060836792"
"module_no_ct_S2","2","143","32.8569450378418","0.8893520832061768"
"module_no_ct_S2","2","144","34.74230194091797","0.920236349105835"
"module_no_ct_S2","2","145","34.264892578125","0.9219836592674255"
"module_no_ct_S2","2","146","34.058799743652344","0.9144690036773682"
"module_no_ct_S2","2","147","28.295055389404297","0.8221558332443237"
"module_no_ct_S2","2","148","33.622039794921875","0.9097298383712769"
"module_no_ct_S2","2","149","33.49321746826172","0.9163543581962585"
"module_no_ct_S2","2","150","33.02808380126953","0.8906866312026978"
"module_no_ct_S2","2","151","32.94200134277344","0.8865246772766113"
"module_no_ct_S2","2","152","32.935394287109375","0.8557907342910767"
"module_no_ct_S2","2","153","34.233482360839844","0.9237606525421143"
"module_no_ct_S2","2","154","32.922176361083984","0.8694585561752319"
"module_no_ct_S2","2","155","32.82272720336914","0.8901617527008057"
"module_no_ct_S2","2","156","32.567466735839844","0.8896737694740295"
"module_no_ct_S2","2","157","33.55987548828125","0.9064788818359375"
"module_no_ct_S2","2","158","27.156757354736328","0.7807676792144775"
"module_no_ct_S2","2","159","33.3508186340332","0.9045586585998535"
"module_no_ct_S2","2","160","33.645042419433594","0.901587963104248"
"module_no_ct_S2","2","161","32.617225646972656","0.8776757121086121"
"module_no_ct_S2","2","162","33.03988265991211","0.8969316482543945"
"module_no_ct_S2","2","163","33.741371154785156","0.9205325841903687"
"module_no_ct_S2","2","164","33.64888000488281","0.9068484306335449"
"module_no_ct_S2","2","165","32.37114334106445","0.8806165456771851"
"module_no_ct_S2","2","166","32.34878158569336","0.8837240934371948"
"module_no_ct_S2","2","167","33.815216064453125","0.920293927192688"
"module_no_ct_S2","2","168","33.09510803222656","0.864862859249115"
"module_no_ct_S2","2","169","27.60468292236328","0.8156024217605591"
"module_no_ct_S2","2","170","32.05403518676758","0.8833799958229065"
"module_no_ct_S2","2","171","34.45002746582031","0.9222873449325562"
"module_no_ct_S2","2","172","33.0922737121582","0.8930695056915283"
"module_no_ct_S2","2","173","34.249603271484375","0.8870853781700134"
"module_no_ct_S2","2","174","33.57804489135742","0.9138845801353455"
"module_no_ct_S2","2","175","32.8408088684082","0.8591998219490051"
"module_no_ct_S2","2","176","32.9481201171875","0.8846992254257202"
"module_no_ct_S2","2","177","32.85267639160156","0.8870638608932495"
"module_no_ct_S2","2","178","34.1240119934082","0.9188481569290161"
"module_no_ct_S2","2","179","32.48067092895508","0.8808611035346985"
"module_no_ct_S2","2","180","26.73504638671875","0.7478293180465698"
"module_no_ct_S2","2","181","32.63935852050781","0.8663053512573242"
"module_no_ct_S2","2","182","33.066184997558594","0.8981816172599792"
"module_no_ct_S2","2","183","33.357177734375","0.8888882398605347"
"module_no_ct_S2","2","184","34.25873565673828","0.8899595737457275"
"module_no_ct_S2","2","185","32.5899772644043","0.8909832239151001"
"module_no_ct_S2","2","186","32.706787109375","0.8892529606819153"
"module_no_ct_S2","2","187","32.505615234375","0.886264443397522"
"module_no_ct_S2","2","188","32.2525634765625","0.871090829372406"
"module_no_ct_S2","2","189","32.67567443847656","0.8862757682800293"
"module_no_ct_S2","2","190","33.38859939575195","0.8911274075508118"
"module_no_ct_S2","2","191","26.56696319580078","0.7282969355583191"
"module_no_ct_S2","2","192","34.328548431396484","0.9243006110191345"
"module_no_ct_S2","2","193","33.15864562988281","0.8649111986160278"
"module_no_ct_S2","2","194","33.292659759521484","0.8751338720321655"
"module_no_ct_S2","2","195","34.07023620605469","0.9186537265777588"
"module_no_ct_S2","2","196","32.86958312988281","0.8941104412078857"
"module_no_ct_S2","2","197","32.37173080444336","0.8791618943214417"
"module_no_ct_S2","2","198","33.864627838134766","0.9200631976127625"
"module_no_ct_S2","2","199","33.265045166015625","0.8982046842575073"
"module_no_sine_S2","2","0","29.96967315673828","0.849084734916687"
"module_no_sine_S2","2","1","29.32389259338379","0.827813982963562"
"module_no_sine_S2","2","2","31.462142944335938","0.8713772296905518"
"module_no_sine_S2","2","3","31.06130599975586","0.8853483200073242"
"module_no_sine_S2","2","4","30.994976043701172","0.8658016324043274"
"module_no_sine_S2","2","5","30.102664947509766","0.8433185815811157"
"module_no_sine_S2","2","6","30.00973892211914","0.8084169626235962"
"module_no_sine_S2","2","7","30.30657958984375","0.864167332649231"
"module_no_sine_S2","2","8","29.849882125854492","0.8434642553329468"
"module_no_sine_S2","2","9","30.798324584960938","0.8717685341835022"
"module_no_sine_S2","2","10","29.592113494873047","0.8168210983276367"
"module_no_sine_S2","2","11","30.133377075195312","0.8467321991920471"
"module_no_sine_S2","2","12","29.73110580444336","0.7613261938095093"
"module_no_sine_S2","2","13","30.47869873046875","0.8629934787750244"
"module_no_sine_S2","2","14","29.45598602294922","0.8247851133346558"
"module_no_sine_S2","2","15","29.323932647705078","0.803144633769989"
"module_no_sine_S2","2","16","30.23053741455078","0.8309794664382935"
"module_no_sine_S2","2","17","31.409215927124023","0.8685505390167236"
"module_no_sine_S2","2","18","29.22269630432129","0.8242690563201904"
"module_no_sine_S2","2","19","29.034997940063477","0.8036972284317017"
"module_no_sine_S2","2","20","29.65094566345215","0.8333901166915894"
"module_no_sine_S2","2","21","29.58237648010254","0.7920368313789368"
"module_no_sine_S2","2","22","30.011625289916992","0.832979142665863"
"module_no_sine_S2","2","23","29.6291561126709","0.8286309242248535"
"module_no_sine_S2","2","24","30.18716049194336","0.8515573740005493"
"module_no_sine_S2","2","25","29.977184295654297","0.8282442092895508"
"module_no_sine_S2","2","26","30.20505142211914","0.8564920425415039"
"module_no_sine_S2","2","27","29.91641616821289","0.8224910497665405"
"module_no_sine_S2","2","28","30.07362174987793","0.8408297300338745"
"module_no_sine_S2","2","29","30.35825538635254","0.864760160446167"
"module_no_sine_S2","2","30","31.100282669067383","0.8552751541137695"
"module_no_sine_S2","2","31","29.945955276489258","0.8408368825912476"
"module_no_sine_S2","2","32","30.37218475341797","0.8194628953933716"
"module_no_sine_S2","2","33","29.883018493652344","0.824797511100769"
"module_no_sine_S2","2","34","29.846982955932617","0.81103515625"
"module_no_sine_S2","2","35","29.15262222290039","0.8077873587608337"
"module_no_sine_S2","2","36","29.850189208984375","0.8287023305892944"
"module_no_sine_S2","2","37","30.027252197265625","0.8478894829750061"
"module_no_sine_S2","2","38","30.480091094970703","0.8610803484916687"
"module_no_sine_S2","2","39","30.053363800048828","0.8506549000740051"
"module_no_sine_S2","2","40","29.69715118408203","0.7694830894470215"
"module_no_sine_S2","2","41","30.17584228515625","0.8573232293128967"
"module_no_sine_S2","2","42","30.240869522094727","0.8375089168548584"
"module_no_sine_S2","2","43","29.89358139038086","0.8488004207611084"
"module_no_sine_S2","2","44","31.27344512939453","0.8674439191818237"
"module_no_sine_S2","2","45","30.72541046142578","0.8646541833877563"
"module_no_sine_S2","2","46","29.14464569091797","0.7843647599220276"
"module_no_sine_S2","2","47","30.16290283203125","0.8377391695976257"
"module_no_sine_S2","2","48","29.977989196777344","0.7809117436408997"
"module_no_sine_S2","2","49","29.231884002685547","0.8318741321563721"
"module_no_sine_S2","2","50","29.780576705932617","0.8420062065124512"
"module_no_sine_S2","2","51","30.598155975341797","0.8333961963653564"
"module_no_sine_S2","2","52","29.984739303588867","0.834499180316925"
"module_no_sine_S2","2","53","30.04842758178711","0.8072212934494019"
"module_no_sine_S2","2","54","30.04625129699707","0.8616174459457397"
"module_no_sine_S2","2","55","30.72274398803711","0.8402045965194702"
"module_no_sine_S2","2","56","29.537639617919922","0.8332345485687256"
"module_no_sine_S2","2","57","30.21524429321289","0.8572086095809937"
"module_no_sine_S2","2","58","30.245515823364258","0.8373337388038635"
"module_no_sine_S2","2","59","29.30367660522461","0.8010201454162598"
"module_no_sine_S2","2","60","30.43157196044922","0.8477704524993896"
"module_no_sine_S2","2","61","30.25145721435547","0.8706246614456177"
"module_no_sine_S2","2","62","31.329269409179688","0.8601208925247192"
"module_no_sine_S2","2","63","28.778841018676758","0.8255479335784912"
"module_no_sine_S2","2","64","29.910400390625","0.8132014274597168"
"module_no_sine_S2","2","65","30.12344741821289","0.8423951864242554"
"module_no_sine_S2","2","66","29.79620361328125","0.7760254740715027"
"module_no_sine_S2","2","67","30.479129791259766","0.8324912786483765"
"module_no_sine_S2","2","68","30.283708572387695","0.8528292179107666"
"module_no_sine_S2","2","69","29.704376220703125","0.8452211022377014"
"module_no_sine_S2","2","70","30.10976791381836","0.8302145004272461"
"module_no_sine_S2","2","71","30.233455657958984","0.8560630083084106"
"module_no_sine_S2","2","72","29.507665634155273","0.8286967277526855"
"module_no_sine_S2","2","73","29.468156814575195","0.7696075439453125"
"module_no_sine_S2","2","74","30.177597045898438","0.8509877920150757"
"module_no_sine_S2","2","75","29.578580856323242","0.8281818628311157"
"module_no_sine_S2","2","76","29.610815048217773","0.7669504284858704"
"module_no_sine_S2","2","77","30.721235275268555","0.8635833859443665"
"module_no_sine_S2","2","78","30.453720092773438","0.8632820844650269"
"module_no_sine_S2","2","79","29.36666488647461","0.8108124732971191"
"module_no_sine_S2","2","80","29.957181930541992","0.8448817729949951"
"module_no_sine_S2","2","81","30.295560836791992","0.838942289352417"
"module_no_sine_S2","2","82","30.445758819580078","0.8441338539123535"
"module_no_sine_S2","2","83","29.186080932617188","0.8191297054290771"
"module_no_sine_S2","2","84","30.622426986694336","0.8699705004692078"
"module_no_sine_S2","2","85","30.528108596801758","0.8661887645721436"
"module_no_sine_S2","2","86","30.932226181030273","0.8757408261299133"
"module_no_sine_S2","2","87","30.489233016967773","0.8221984505653381"
"module_no_sine_S2","2","88","30.45091438293457","0.8392037749290466"
"module_no_sine_S2","2","89","30.131023406982422","0.8467109203338623"
"module_no_sine_S2","2","90","29.4028377532959","0.8069961071014404"
"module_no_sine_S2","2","91","30.485881805419922","0.8361212015151978"
"module_no_sine_S2","2","92","30.240875244140625","0.8393738269805908"
"module_no_sine_S2","2","93","29.69282341003418","0.8331387042999268"
"module_no_sine_S2","2","94","30.533187866210938","0.8470949530601501"
"module_no_sine_S2","2","95","30.050451278686523","0.812973141670227"
"module_no_sine_S2","2","96","30.582378387451172","0.8647344708442688"
"module_no_sine_S2","2","97","29.70501136779785","0.8055578470230103"
"module_no_sine_S2","2","98","30.696733474731445","0.8707306385040283"
"module_no_sine_S2","2","99","30.395105361938477","0.8611829280853271"
"module_no_sine_S2","2","100","30.803836822509766","0.8623912930488586"
"module_no_sine_S2","2","101","29.651945114135742","0.8355786204338074"
"module_no_sine_S2","2","102","30.939102172851562","0.8744938373565674"
"module_no_sine_S2","2","103","29.869911193847656","0.8494733572006226"
"module_no_sine_S2","2","104","30.357425689697266","0.8568246364593506"
"module_no_sine_S2","2","105","30.18991470336914","0.8551089763641357"
"module_no_sine_S2","2","106","30.340595245361328","0.8064025044441223"
"module_no_sine_S2","2","107","31.048633575439453","0.8821145296096802"
"module_no_sine_S2","2","108","30.15174102783203","0.8509178757667542"
"module_no_sine_S2","2","109","30.875587463378906","0.8514505624771118"
"module_no_sine_S2","2","110","30.108821868896484","0.8456551432609558"
"module_no_sine_S2","2","111","31.0085391998291","0.8732724189758301"
"module_no_sine_S2","2","112","29.466472625732422","0.8040615320205688"
"module_no_sine_S2","2","113","31.282503128051758","0.8982058763504028"
"module_no_sine_S2","2","114","30.970659255981445","0.865571141242981"
"module_no_sine_S2","2","115","29.91333770751953","0.8084609508514404"
"module_no_sine_S2","2","116","29.402324676513672","0.7798552513122559"
"module_no_sine_S2","2","117","29.037494659423828","0.7902801036834717"
"module_no_sine_S2","2","118","30.161951065063477","0.8336254358291626"
"module_no_sine_S2","2","119","29.72600746154785","0.787407636642456"
"module_no_sine_S2","2","120","30.109130859375","0.8505547046661377"
"module_no_sine_S2","2","121","29.503887176513672","0.82633376121521"
"module_no_sine_S2","2","122","29.47892189025879","0.8325232267379761"
"module_no_sine_S2","2","123","30.407608032226562","0.8613360524177551"
"module_no_sine_S2","2","124","28.319948196411133","0.7860010862350464"
"module_no_sine_S2","2","125","29.49111557006836","0.7774703502655029"
"module_no_sine_S2","2","126","30.012805938720703","0.8483126759529114"
"module_no_sine_S2","2","127","30.526561737060547","0.8716367483139038"
"module_no_sine_S2","2","128","30.808813095092773","0.8687353134155273"
"module_no_sine_S2","2","129","30.653644561767578","0.8362416625022888"
"module_no_sine_S2","2","130","29.27755355834961","0.8233402967453003"
"module_no_sine_S2","2","131","30.269088745117188","0.8561979532241821"
"module_no_sine_S2","2","132","30.981531143188477","0.8798607587814331"
"module_no_sine_S2","2","133","30.22987174987793","0.8660979270935059"
"module_no_sine_S2","2","134","30.784976959228516","0.8580906391143799"
"module_no_sine_S2","2","135","29.297191619873047","0.816148579120636"
"module_no_sine_S2","2","136","29.963972091674805","0.7947649955749512"
"module_no_sine_S2","2","137","29.870880126953125","0.8321753144264221"
"module_no_sine_S2","2","138","30.491430282592773","0.8285582065582275"
"module_no_sine_S2","2","139","30.16252326965332","0.8426913022994995"
"module_no_sine_S2","2","140","30.825746536254883","0.8756780028343201"
"module_no_sine_S2","2","141","30.242595672607422","0.8526862859725952"
"module_no_sine_S2","2","142","29.406665802001953","0.7819314002990723"
"module_no_sine_S2","2","143","29.853473663330078","0.8374999761581421"
"module_no_sine_S2","2","144","30.793758392333984","0.8548071384429932"
"module_no_sine_S2","2","145","30.334566116333008","0.8461191654205322"
"module_no_sine_S2","2","146","30.758087158203125","0.8698840141296387"
"module_no_sine_S2","2","147","31.49554443359375","0.8745229244232178"
"module_no_sine_S2","2","148","29.88587188720703","0.824094295501709"
"module_no_sine_S2","2","149","30.436574935913086","0.8682725429534912"
"module_no_sine_S2","2","150","30.008869171142578","0.8385790586471558"
"module_no_sine_S2","2","151","30.020893096923828","0.8417178392410278"
"module_no_sine_S2","2","152","30.084495544433594","0.8038938641548157"
"module_no_sine_S2","2","153","30.273601531982422","0.8491622805595398"
"module_no_sine_S2","2","154","29.732421875","0.785634458065033"
"module_no_sine_S2","2","155","29.874622344970703","0.8379614353179932"
"module_no_sine_S2","2","156","29.713748931884766","0.8303875923156738"
"module_no_sine_S2","2","157","30.501434326171875","0.8655272126197815"
"module_no_sine_S2","2","158","29.383943557739258","0.8238815069198608"
"module_no_sine_S2","2","159","30.083518981933594","0.8532499074935913"
"module_no_sine_S2","2","160","29.78326988220215","0.8136091232299805"
"module_no_sine_S2","2","161","29.486995697021484","0.8191605806350708"
"module_no_sine_S2","2","162","30.15226173400879","0.8552146553993225"
"module_no_sine_S2","2","163","30.039358139038086","0.862190842628479"
"module_no_sine_S2","2","164","30.730289459228516","0.8700870871543884"
"module_no_sine_S2","2","165","29.45542335510254","0.8261554837226868"
"module_no_sine_S2","2","166","29.20946502685547","0.7961081266403198"
"module_no_sine_S2","2","167","29.743453979492188","0.8401511907577515"
"module_no_sine_S2","2","168","30.120948791503906","0.8116468787193298"
"module_no_sine_S2","2","169","30.089191436767578","0.8537315726280212"
"module_no_sine_S2","2","170","29.10657501220703","0.8293390274047852"
"module_no_sine_S2","2","171","30.320844650268555","0.8415673971176147"
"module_no_sine_S2","2","172","29.790241241455078","0.8115110993385315"
"module_no_sine_S2","2","173","28.250064849853516","0.7547467947006226"
"module_no_sine_S2","2","174","30.481037139892578","0.8727213144302368"
"module_no_sine_S2","2","175","30.084169387817383","0.8081337213516235"
"module_no_sine_S2","2","176","29.87093734741211","0.831059455871582"
"module_no_sine_S2","2","177","29.76266098022461","0.8351470828056335"
"module_no_sine_S2","2","178","30.259418487548828","0.8391969203948975"
"module_no_sine_S2","2","179","29.407142639160156","0.8245198726654053"
"module_no_sine_S2","2","180","30.17755126953125","0.8488097786903381"
"module_no_sine_S2","2","181","29.67831039428711","0.8102446794509888"
"module_no_sine_S2","2","182","30.171772003173828","0.8562955856323242"
"module_no_sine_S2","2","183","30.364248275756836","0.8359291553497314"
"module_no_sine_S2","2","184","29.866764068603516","0.7727746963500977"
"module_no_sine_S2","2","185","29.562042236328125","0.8376240134239197"
"module_no_sine_S2","2","186","29.52634048461914","0.8359712362289429"
"module_no_sine_S2","2","187","29.71785545349121","0.8335213661193848"
"module_no_sine_S2","2","188","29.480817794799805","0.8222849369049072"
"module_no_sine_S2","2","189","29.827430725097656","0.8357152342796326"
"module_no_sine_S2","2","190","29.688732147216797","0.7943083047866821"
"module_no_sine_S2","2","191","29.669198989868164","0.8108583688735962"
"module_no_sine_S2","2","192","30.228899002075195","0.8505613207817078"
"module_no_sine_S2","2","193","30.285320281982422","0.8172085881233215"
"module_no_sine_S2","2","194","30.14144515991211","0.8270943760871887"
"module_no_sine_S2","2","195","30.16094207763672","0.8665517568588257"
"module_no_sine_S2","2","196","29.512283325195312","0.8119992017745972"
"module_no_sine_S2","2","197","29.51043128967285","0.830559492111206"
"module_no_sine_S2","2","198","29.768402099609375","0.8434241414070129"
"module_no_sine_S2","2","199","30.294572830200195","0.8506437540054321"
"module_no_ct_S4","4","0","31.034107208251953","0.8514850735664368"
"module_no_ct_S4","4","1","30.350238800048828","0.8335281610488892"
"module_no_ct_S4","4","2","33.100440979003906","0.8889437317848206"
"module_no_ct_S4","4","3","32.51546859741211","0.8913161158561707"
"module_no_ct_S4","4","4","33.025230407714844","0.8888359665870667"
"module_no_ct_S4","4","5","31.679670333862305","0.8673222064971924"
"module_no_ct_S4","4","6","31.533849716186523","0.8199592232704163"
"module_no_ct_S4","4","7","32.16853332519531","0.8855657577514648"
"module_no_ct_S4","4","8","31.3703556060791","0.866907000541687"
"module_no_ct_S4","4","9","32.52327346801758","0.8875261545181274"
"module_no_ct_S4","4","10","32.044063568115234","0.8846008777618408"
"module_no_ct_S4","4","11","31.038455963134766","0.8474820852279663"
"module_no_ct_S4","4","12","31.30323600769043","0.7908509969711304"
"module_no_ct_S4","4","13","31.633563995361328","0.8708580732345581"
"module_no_ct_S4","4","14","30.33643913269043","0.8282446265220642"
"module_no_ct_S4","4","15","30.32661247253418","0.8129823207855225"
"module_no_ct_S4","4","16","32.54616165161133","0.8881489634513855"
"module_no_ct_S4","4","17","32.93339920043945","0.8818790316581726"
"module_no_ct_S4","4","18","29.980316162109375","0.8227390646934509"
"module_no_ct_S4","4","19","30.309219360351562","0.8178164958953857"
"module_no_ct_S4","4","20","30.688114166259766","0.8307851552963257"
"module_no_ct_S4","4","21","32.50286865234375","0.8582479953765869"
"module_no_ct_S4","4","22","31.620634078979492","0.870407223701477"
"module_no_ct_S4","4","23","27.494115829467773","0.7660481929779053"
"module_no_ct_S4","4","24","30.992229461669922","0.8497415781021118"
"module_no_ct_S4","4","25","31.28719711303711","0.8385961651802063"
"module_no_ct_S4","4","26","31.401460647583008","0.8630435466766357"
"module_no_ct_S4","4","27","31.05835723876953","0.826371431350708"
"module_no_ct_S4","4","28","31.63526725769043","0.8750735521316528"
"module_no_ct_S4","4","29","31.158042907714844","0.8638291358947754"
"module_no_ct_S4","4","30","33.24988555908203","0.8804080486297607"
"module_no_ct_S4","4","31","31.27515411376953","0.8497071266174316"
"module_no_ct_S4","4","32","31.567819595336914","0.8237780928611755"
"module_no_ct_S4","4","33","31.104642868041992","0.8332028985023499"
"module_no_ct_S4","4","34","28.291576385498047","0.806181788444519"
"module_no_ct_S4","4","35","30.311519622802734","0.8199089169502258"
"module_no_ct_S4","4","36","32.71352005004883","0.8826965689659119"
"module_no_ct_S4","4","37","32.08061218261719","0.8820677995681763"
"module_no_ct_S4","4","38","31.545154571533203","0.8669511675834656"
"module_no_ct_S4","4","39","30.828109741210938","0.8476753234863281"
"module_no_ct_S4","4","40","31.529056549072266","0.8207414150238037"
"module_no_ct_S4","4","41","30.97060775756836","0.8535717725753784"
"module_no_ct_S4","4","42","32.22142028808594","0.865146279335022"
"module_no_ct_S4","4","43","31.39883804321289","0.8716694712638855"
"module_no_ct_S4","4","44","32.95232391357422","0.8835489153862"
"module_no_ct_S4","4","45","28.821327209472656","0.81907057762146"
"module_no_ct_S4","4","46","30.829240798950195","0.8446269035339355"
"module_no_ct_S4","4","47","32.07232666015625","0.8627065420150757"
"module_no_ct_S4","4","48","32.64989471435547","0.8581597805023193"
"module_no_ct_S4","4","49","30.203588485717773","0.8432709574699402"
"module_no_ct_S4","4","50","31.675947189331055","0.8774262070655823"
"module_no_ct_S4","4","51","32.51313018798828","0.8632038235664368"
"module_no_ct_S4","4","52","30.78082847595215","0.8660097122192383"
"module_no_ct_S4","4","53","31.620161056518555","0.8311141133308411"
"module_no_ct_S4","4","54","32.159297943115234","0.88863205909729"
"module_no_ct_S4","4","55","31.90007781982422","0.8524376749992371"
"module_no_ct_S4","4","56","27.36170768737793","0.774029016494751"
"module_no_ct_S4","4","57","31.571378707885742","0.8659908175468445"
"module_no_ct_S4","4","58","32.00595474243164","0.8782443404197693"
"module_no_ct_S4","4","59","30.381019592285156","0.8108900785446167"
"module_no_ct_S4","4","60","31.59807586669922","0.8522626757621765"
"module_no_ct_S4","4","61","31.48312759399414","0.8705548644065857"
"module_no_ct_S4","4","62","33.22757339477539","0.8855887651443481"
"module_no_ct_S4","4","63","30.15863037109375","0.8373757600784302"
"module_no_ct_S4","4","64","31.55109405517578","0.8605670928955078"
"module_no_ct_S4","4","65","32.56520080566406","0.8826701045036316"
"module_no_ct_S4","4","66","32.400840759277344","0.852759599685669"
"module_no_ct_S4","4","67","27.311912536621094","0.7400043606758118"
"module_no_ct_S4","4","68","32.04277801513672","0.8794671297073364"
"module_no_ct_S4","4","69","31.65142059326172","0.8783400058746338"
"module_no_ct_S4","4","70","31.816492080688477","0.8771933317184448"
"module_no_ct_S4","4","71","31.35136604309082","0.8619475364685059"
"module_no_ct_S4","4","72","30.643360137939453","0.8300967216491699"
"module_no_ct_S4","4","73","32.752784729003906","0.8526326417922974"
"module_no_ct_S4","4","74","31.12990379333496","0.851958155632019"
"module_no_ct_S4","4","75","30.735347747802734","0.8381097316741943"
"module_no_ct_S4","4","76","32.430870056152344","0.8526641726493835"
"module_no_ct_S4","4","77","31.766475677490234","0.8714444041252136"
"module_no_ct_S4","4","78","28.573123931884766","0.8192917108535767"
"module_no_ct_S4","4","79","30.52606201171875","0.8211054801940918"
"module_no_ct_S4","4","80","31.328872680664062","0.8687107563018799"
"module_no_ct_S4","4","81","32.099464416503906","0.8628629446029663"
"module_no_ct_S4","4","82","32.2652587890625","0.8807533979415894"
"module_no_ct_S4","4","83","29.915359497070312","0.8205905556678772"
"module_no_ct_S4","4","84","32.39789581298828","0.8850730061531067"
"module_no_ct_S4","4","85","31.87289810180664","0.8716447353363037"
"module_no_ct_S4","4","86","32.61087417602539","0.8895683884620667"
"module_no_ct_S4","4","87","32.34889602661133","0.8562142848968506"
"module_no_ct_S4","4","88","32.497413635253906","0.8774711489677429"
"module_no_ct_S4","4","89","27.78383445739746","0.7735269665718079"
"module_no_ct_S4","4","90","30.67428207397461","0.8182822465896606"
"module_no_ct_S4","4","91","32.25947570800781","0.8581965565681458"
"module_no_ct_S4","4","92","32.07971954345703","0.8635828495025635"
"module_no_ct_S4","4","93","30.782339096069336","0.8363045454025269"
"module_no_ct_S4","4","94","32.44313049316406","0.8848212957382202"
"module_no_ct_S4","4","95","31.280017852783203","0.820202112197876"
"module_no_ct_S4","4","96","31.560461044311523","0.8628885746002197"
"module_no_ct_S4","4","97","31.24896240234375","0.8164573311805725"
"module_no_ct_S4","4","98","32.48112487792969","0.8862060904502869"
"module_no_ct_S4","4","99","31.13335609436035","0.8641766309738159"
"module_no_ct_S4","4","100","30.111499786376953","0.87395179271698"
"module_no_ct_S4","4","101","30.896270751953125","0.8469536304473877"
"module_no_ct_S4","4","102","32.000831604003906","0.8788619041442871"
"module_no_ct_S4","4","103","31.37835693359375","0.870486855506897"
"module_no_ct_S4","4","104","31.612272262573242","0.8649646043777466"
"module_no_ct_S4","4","105","32.1448860168457","0.8867174386978149"
"module_no_ct_S4","4","106","33.31492614746094","0.8852814435958862"
"module_no_ct_S4","4","107","32.40496826171875","0.8824025392532349"
"module_no_ct_S4","4","108","31.20365333557129","0.851710855960846"
"module_no_ct_S4","4","109","32.63720703125","0.8848165273666382"
"module_no_ct_S4","4","110","32.27249526977539","0.8844625949859619"
"module_no_ct_S4","4","111","28.917579650878906","0.8267431259155273"
"module_no_ct_S4","4","112","31.242998123168945","0.8444676399230957"
"module_no_ct_S4","4","113","32.80250930786133","0.9057157039642334"
"module_no_ct_S4","4","114","32.97666549682617","0.8891177773475647"
"module_no_ct_S4","4","115","31.438533782958984","0.8186976909637451"
"module_no_ct_S4","4","116","30.891935348510742","0.8012369871139526"
"module_no_ct_S4","4","117","30.987018585205078","0.8372759819030762"
"module_no_ct_S4","4","118","31.985393524169922","0.8711560964584351"
"module_no_ct_S4","4","119","31.8233699798584","0.815727710723877"
"module_no_ct_S4","4","120","31.31425666809082","0.8550961017608643"
"module_no_ct_S4","4","121","30.455699920654297","0.826978862285614"
"module_no_ct_S4","4","122","27.28881072998047","0.7743586301803589"
"module_no_ct_S4","4","123","31.609533309936523","0.8635987639427185"
"module_no_ct_S4","4","124","30.555404663085938","0.8451956510543823"
"module_no_ct_S4","4","125","30.92698097229004","0.798693835735321"
"module_no_ct_S4","4","126","31.33733558654785","0.8706923723220825"
"module_no_ct_S4","4","127","32.02154541015625","0.8853837251663208"
"module_no_ct_S4","4","128","31.69733238220215","0.8748432993888855"
"module_no_ct_S4","4","129","32.194190979003906","0.8569647073745728"
"module_no_ct_S4","4","130","31.423871994018555","0.8794792890548706"
"module_no_ct_S4","4","131","32.39704513549805","0.8897408843040466"
"module_no_ct_S4","4","132","32.23392868041992","0.8816716074943542"
"module_no_ct_S4","4","133","28.006227493286133","0.8070412278175354"
"module_no_ct_S4","4","134","31.6335506439209","0.859397292137146"
"module_no_ct_S4","4","135","30.485210418701172","0.8196069002151489"
"module_no_ct_S4","4","136","31.65349769592285","0.8397911787033081"
"module_no_ct_S4","4","137","30.854618072509766","0.8346383571624756"
"module_no_ct_S4","4","138","31.839981079101562","0.8358516693115234"
"module_no_ct_S4","4","139","32.16169738769531","0.8781850934028625"
"module_no_ct_S4","4","140","32.12974548339844","0.8804379105567932"
"module_no_ct_S4","4","141","31.888465881347656","0.8778473734855652"
"module_no_ct_S4","4","142","32.48848342895508","0.8578658103942871"
"module_no_ct_S4","4","143","30.995664596557617","0.8436381816864014"
"module_no_ct_S4","4","144","27.580556869506836","0.7478134632110596"
"module_no_ct_S4","4","145","31.81415557861328","0.8743261098861694"
"module_no_ct_S4","4","146","32.31500244140625","0.8818784952163696"
"module_no_ct_S4","4","147","32.79277038574219","0.8849930167198181"
"module_no_ct_S4","4","148","31.648618698120117","0.8646731972694397"
"module_no_ct_S4","4","149","32.20936584472656","0.888958215713501"
"module_no_ct_S4","4","150","31.045244216918945","0.8416152000427246"
"module_no_ct_S4","4","151","31.270099639892578","0.844868540763855"
"module_no_ct_S4","4","152","31.4028263092041","0.8136954307556152"
"module_no_ct_S4","4","153","31.920886993408203","0.8792949914932251"
"module_no_ct_S4","4","154","31.333171844482422","0.8255388140678406"
"module_no_ct_S4","4","155","27.559673309326172","0.7801113724708557"
"module_no_ct_S4","4","156","31.140071868896484","0.8552532196044922"
"module_no_ct_S4","4","157","31.741825103759766","0.8709688186645508"
"module_no_ct_S4","4","158","30.32597541809082","0.8306303024291992"
"module_no_ct_S4","4","159","31.524574279785156","0.868518590927124"
"module_no_ct_S4","4","160","31.832523345947266","0.862760066986084"
"module_no_ct_S4","4","161","30.66166114807129","0.8257416486740112"
"module_no_ct_S4","4","162","31.13478660583496","0.8563427925109863"
"module_no_ct_S4","4","163","32.34584426879883","0.893088698387146"
"module_no_ct_S4","4","164","31.796186447143555","0.8670810461044312"
"module_no_ct_S4","4","165","30.604137420654297","0.8364778161048889"
"module_no_ct_S4","4","166","27.440698623657227","0.7717273235321045"
"module_no_ct_S4","4","167","31.60478973388672","0.8760457038879395"
"module_no_ct_S4","4","168","31.495752334594727","0.8194695711135864"
"module_no_ct_S4","4","169","30.971681594848633","0.8556212782859802"
"module_no_ct_S4","4","170","30.06378936767578","0.8385591506958008"
"module_no_ct_S4","4","171","32.37386703491211","0.8807135820388794"
"module_no_ct_S4","4","172","31.249849319458008","0.8537247776985168"
"module_no_ct_S4","4","173","32.89244079589844","0.8524148464202881"
"module_no_ct_S4","4","174","31.497943878173828","0.8743856549263"
"module_no_ct_S4","4","175","31.63714599609375","0.8319002389907837"
"module_no_ct_S4","4","176","30.835247039794922","0.833614706993103"
"module_no_ct_S4","4","177","27.269704818725586","0.7494598627090454"
"module_no_ct_S4","4","178","31.843914031982422","0.8749257326126099"
"module_no_ct_S4","4","179","30.60856819152832","0.8354870676994324"
"module_no_ct_S4","4","180","31.489681243896484","0.8720214366912842"
"module_no_ct_S4","4","181","30.711305618286133","0.8155573606491089"
"module_no_ct_S4","4","182","31.250181198120117","0.85945063829422"
"module_no_ct_S4","4","183","31.57477378845215","0.8475578427314758"
"module_no_ct_S4","4","184","32.7228889465332","0.8576260209083557"
"module_no_ct_S4","4","185","30.832006454467773","0.8493130803108215"
"module_no_ct_S4","4","186","30.832115173339844","0.8502489328384399"
"module_no_ct_S4","4","187","30.759763717651367","0.8442240357398987"
"module_no_ct_S4","4","188","27.105722427368164","0.7455294132232666"
"module_no_ct_S4","4","189","30.846120834350586","0.8403655886650085"
"module_no_ct_S4","4","190","31.714553833007812","0.8537222146987915"
"module_no_ct_S4","4","191","30.79551887512207","0.8153843283653259"
"module_no_ct_S4","4","192","32.13800048828125","0.8822358846664429"
"module_no_ct_S4","4","193","31.5937442779541","0.8249168992042542"
"module_no_ct_S4","4","194","31.421810150146484","0.8286836743354797"
"module_no_ct_S4","4","195","32.12202453613281","0.8823001384735107"
"module_no_ct_S4","4","196","30.93103790283203","0.8524755835533142"
"module_no_ct_S4","4","197","30.51202392578125","0.8323556184768677"
"module_no_ct_S4","4","198","31.350112915039062","0.8666261434555054"
"module_no_ct_S4","4","199","27.747066497802734","0.780589759349823"
"module_no_sine_S4","4","0","28.714656829833984","0.8171550035476685"
"module_no_sine_S4","4","1","28.342960357666016","0.8016510605812073"
"module_no_sine_S4","4","2","30.81119728088379","0.8574366569519043"
"module_no_sine_S4","4","3","29.982393264770508","0.8597637414932251"
"module_no_sine_S4","4","4","30.548002243041992","0.8511426448822021"
"module_no_sine_S4","4","5","29.306358337402344","0.8076061606407166"
"module_no_sine_S4","4","6","28.984195709228516","0.7942370176315308"
"module_no_sine_S4","4","7","29.90450096130371","0.845072865486145"
"module_no_sine_S4","4","8","28.992511749267578","0.8075165748596191"
"module_no_sine_S4","4","9","29.951061248779297","0.848501443862915"
"module_no_sine_S4","4","10","29.74745750427246","0.8458611369132996"
"module_no_sine_S4","4","11","28.83146095275879","0.813723087310791"
"module_no_sine_S4","4","12","29.453039169311523","0.7541317939758301"
"module_no_sine_S4","4","13","29.409120559692383","0.8359392285346985"
"module_no_sine_S4","4","14","28.42220115661621","0.7989969253540039"
"module_no_sine_S4","4","15","28.46614646911621","0.776515007019043"
"module_no_sine_S4","4","16","30.027742385864258","0.8501817584037781"
"module_no_sine_S4","4","17","30.638561248779297","0.8528832197189331"
"module_no_sine_S4","4","18","28.1595401763916","0.7964763641357422"
"module_no_sine_S4","4","19","28.19823455810547","0.7765243053436279"
"module_no_sine_S4","4","20","28.08960723876953","0.7956100702285767"
"module_no_sine_S4","4","21","29.28643035888672","0.7792924642562866"
"module_no_sine_S4","4","22","29.285371780395508","0.812349796295166"
"module_no_sine_S4","4","23","28.97576904296875","0.8048043251037598"
"module_no_sine_S4","4","24","28.83390235900879","0.8196201920509338"
"module_no_sine_S4","4","25","29.04778480529785","0.8032495975494385"
"module_no_sine_S4","4","26","28.92565155029297","0.824576199054718"
"module_no_sine_S4","4","27","29.061004638671875","0.8016438484191895"
"module_no_sine_S4","4","28","29.332561492919922","0.811456561088562"
"module_no_sine_S4","4","29","29.31127166748047","0.8407864570617676"
"module_no_sine_S4","4","30","30.8482723236084","0.8463972210884094"
"module_no_sine_S4","4","31","29.285757064819336","0.8180585503578186"
"module_no_sine_S4","4","32","29.61631965637207","0.8044257164001465"
"module_no_sine_S4","4","33","29.050874710083008","0.8020673990249634"
"module_no_sine_S4","4","34","29.31005096435547","0.8286044597625732"
"module_no_sine_S4","4","35","28.21702003479004","0.7834023833274841"
"module_no_sine_S4","4","36","29.66250228881836","0.8103637099266052"
"module_no_sine_S4","4","37","29.398622512817383","0.8117578029632568"
"module_no_sine_S4","4","38","29.371746063232422","0.8350788354873657"
"module_no_sine_S4","4","39","28.972843170166016","0.8250676393508911"
"module_no_sine_S4","4","40","29.123151779174805","0.7961342334747314"
"module_no_sine_S4","4","41","28.85709571838379","0.8286465406417847"
"module_no_sine_S4","4","42","30.158435821533203","0.8293988704681396"
"module_no_sine_S4","4","43","28.828908920288086","0.8090444803237915"
"module_no_sine_S4","4","44","30.476627349853516","0.8517032861709595"
"module_no_sine_S4","4","45","29.56996726989746","0.8326175212860107"
"module_no_sine_S4","4","46","28.808515548706055","0.8019404411315918"
"module_no_sine_S4","4","47","29.84134292602539","0.8233693838119507"
"module_no_sine_S4","4","48","29.36157989501953","0.7746926546096802"
"module_no_sine_S4","4","49","28.349220275878906","0.8090999126434326"
"module_no_sine_S4","4","50","28.939409255981445","0.8054103255271912"
"module_no_sine_S4","4","51","29.873985290527344","0.8098382353782654"
"module_no_sine_S4","4","52","28.791553497314453","0.8441860675811768"
"module_no_sine_S4","4","53","29.753572463989258","0.8019907474517822"
"module_no_sine_S4","4","54","29.606245040893555","0.844433605670929"
"module_no_sine_S4","4","55","29.83454704284668","0.8199134469032288"
"module_no_sine_S4","4","56","28.359905242919922","0.8013416528701782"
"module_no_sine_S4","4","57","28.989103317260742","0.8261431455612183"
"module_no_sine_S4","4","58","29.4678955078125","0.8388980627059937"
"module_no_sine_S4","4","59","28.38360023498535","0.7745867967605591"
"module_no_sine_S4","4","60","29.45737075805664","0.825048565864563"
"module_no_sine_S4","4","61","28.814250946044922","0.8434769511222839"
"module_no_sine_S4","4","62","31.143333435058594","0.8541999459266663"
"module_no_sine_S4","4","63","27.924053192138672","0.7882933616638184"
"module_no_sine_S4","4","64","29.474472045898438","0.8306756019592285"
"module_no_sine_S4","4","65","29.858341217041016","0.8151319622993469"
"module_no_sine_S4","4","66","29.452198028564453","0.7694301605224609"
"module_no_sine_S4","4","67","29.60089874267578","0.8102182149887085"
"module_no_sine_S4","4","68","29.3968563079834","0.8162273168563843"
"module_no_sine_S4","4","69","29.06430435180664","0.8054437041282654"
"module_no_sine_S4","4","70","29.513227462768555","0.838302493095398"
"module_no_sine_S4","4","71","29.16133689880371","0.8265610933303833"
"module_no_sine_S4","4","72","28.28894805908203","0.7978236079216003"
"module_no_sine_S4","4","73","29.059696197509766","0.762514054775238"
"module_no_sine_S4","4","74","28.895299911499023","0.8272027373313904"
"module_no_sine_S4","4","75","28.74545669555664","0.7995024919509888"
"module_no_sine_S4","4","76","29.446218490600586","0.7671403288841248"
"module_no_sine_S4","4","77","29.643686294555664","0.833217978477478"
"module_no_sine_S4","4","78","29.374549865722656","0.8315054178237915"
"module_no_sine_S4","4","79","28.498321533203125","0.786576509475708"
"module_no_sine_S4","4","80","29.171634674072266","0.8133224844932556"
"module_no_sine_S4","4","81","30.076339721679688","0.827940046787262"
"module_no_sine_S4","4","82","29.95507049560547","0.8522219657897949"
"module_no_sine_S4","4","83","28.128459930419922","0.7892253398895264"
"module_no_sine_S4","4","84","29.79584503173828","0.8430814743041992"
"module_no_sine_S4","4","85","29.540861129760742","0.8435265421867371"
"module_no_sine_S4","4","86","29.890289306640625","0.8492965698242188"
"module_no_sine_S4","4","87","29.736268997192383","0.8028501272201538"
"module_no_sine_S4","4","88","29.808746337890625","0.8214545845985413"
"module_no_sine_S4","4","89","29.412839889526367","0.8130289316177368"
"module_no_sine_S4","4","90","28.667438507080078","0.7795584201812744"
"module_no_sine_S4","4","91","30.097026824951172","0.8214921951293945"
"module_no_sine_S4","4","92","30.05617904663086","0.8281906843185425"
"module_no_sine_S4","4","93","28.433734893798828","0.7991430163383484"
"module_no_sine_S4","4","94","29.730419158935547","0.8204748034477234"
"module_no_sine_S4","4","95","29.329570770263672","0.7866507768630981"
"module_no_sine_S4","4","96","29.306318283081055","0.8324148654937744"
"module_no_sine_S4","4","97","28.480117797851562","0.7892627716064453"
"module_no_sine_S4","4","98","29.793474197387695","0.8444861173629761"
"module_no_sine_S4","4","99","29.201438903808594","0.833778977394104"
"module_no_sine_S4","4","100","30.074254989624023","0.8679772615432739"
"module_no_sine_S4","4","101","28.853328704833984","0.8070571422576904"
"module_no_sine_S4","4","102","29.689273834228516","0.8440811038017273"
"module_no_sine_S4","4","103","28.871292114257812","0.810210108757019"
"module_no_sine_S4","4","104","29.360933303833008","0.8303937315940857"
"module_no_sine_S4","4","105","29.471771240234375","0.8197745084762573"
"module_no_sine_S4","4","106","30.536413192749023","0.8063283562660217"
"module_no_sine_S4","4","107","29.924724578857422","0.8509730100631714"
"module_no_sine_S4","4","108","28.993627548217773","0.819618821144104"
"module_no_sine_S4","4","109","30.185550689697266","0.8183943033218384"
"module_no_sine_S4","4","110","29.547237396240234","0.8106777667999268"
"module_no_sine_S4","4","111","29.950775146484375","0.8452451229095459"
"module_no_sine_S4","4","112","28.670595169067383","0.8034399151802063"
"module_no_sine_S4","4","113","30.123104095458984","0.8681222200393677"
"module_no_sine_S4","4","114","30.509931564331055","0.8517894148826599"
"module_no_sine_S4","4","115","28.749006271362305","0.7928794622421265"
"module_no_sine_S4","4","116","28.936424255371094","0.770193338394165"
"module_no_sine_S4","4","117","28.648502349853516","0.7781928181648254"
"module_no_sine_S4","4","118","29.781484603881836","0.8473265767097473"
"module_no_sine_S4","4","119","29.46183967590332","0.7738267779350281"
"module_no_sine_S4","4","120","28.892953872680664","0.8197727203369141"
"module_no_sine_S4","4","121","28.426959991455078","0.7994225025177002"
"module_no_sine_S4","4","122","28.494388580322266","0.8047678470611572"
"module_no_sine_S4","4","123","29.2227840423584","0.8300426006317139"
"module_no_sine_S4","4","124","28.10110092163086","0.7885887622833252"
"module_no_sine_S4","4","125","29.003337860107422","0.7679650783538818"
"module_no_sine_S4","4","126","28.91498565673828","0.8095300197601318"
"module_no_sine_S4","4","127","29.643207550048828","0.8453885912895203"
"module_no_sine_S4","4","128","29.644790649414062","0.8419405221939087"
"module_no_sine_S4","4","129","30.150615692138672","0.8218003511428833"
"module_no_sine_S4","4","130","28.688581466674805","0.8026681542396545"
"module_no_sine_S4","4","131","29.564725875854492","0.8207418918609619"
"module_no_sine_S4","4","132","29.67751693725586","0.8506000638008118"
"module_no_sine_S4","4","133","29.049692153930664","0.8403535485267639"
"module_no_sine_S4","4","134","29.789506912231445","0.8333419561386108"
"module_no_sine_S4","4","135","28.225666046142578","0.786258339881897"
"module_no_sine_S4","4","136","29.489734649658203","0.8063525557518005"
"module_no_sine_S4","4","137","28.735660552978516","0.800359308719635"
"module_no_sine_S4","4","138","29.716073989868164","0.8086436986923218"
"module_no_sine_S4","4","139","29.47532844543457","0.8084180355072021"
"module_no_sine_S4","4","140","29.457605361938477","0.8403649926185608"
"module_no_sine_S4","4","141","29.225997924804688","0.8150820136070251"
"module_no_sine_S4","4","142","29.244630813598633","0.7771438956260681"
"module_no_sine_S4","4","143","28.68209457397461","0.8048983812332153"
"module_no_sine_S4","4","144","29.859878540039062","0.8210916519165039"
"module_no_sine_S4","4","145","29.5058536529541","0.8142754435539246"
"module_no_sine_S4","4","146","29.790740966796875","0.8428629636764526"
"module_no_sine_S4","4","147","30.507347106933594","0.8542306423187256"
"module_no_sine_S4","4","148","29.12384033203125","0.8285918831825256"
"module_no_sine_S4","4","149","29.7872371673584","0.8476144075393677"
"module_no_sine_S4","4","150","28.989547729492188","0.8058716654777527"
"module_no_sine_S4","4","151","28.853017807006836","0.8083322048187256"
"module_no_sine_S4","4","152","29.596099853515625","0.7909573316574097"
"module_no_sine_S4","4","153","29.408836364746094","0.8165929317474365"
"module_no_sine_S4","4","154","29.14531707763672","0.7939413189888"
"module_no_sine_S4","4","155","29.049686431884766","0.8100216388702393"
"module_no_sine_S4","4","156","29.198490142822266","0.8120062947273254"
"module_no_sine_S4","4","157","29.390295028686523","0.8384697437286377"
"module_no_sine_S4","4","158","28.357120513916016","0.7987493276596069"
"module_no_sine_S4","4","159","29.61301612854004","0.8375774621963501"
"module_no_sine_S4","4","160","29.28972053527832","0.8250443935394287"
"module_no_sine_S4","4","161","28.294750213623047","0.7891817688941956"
"module_no_sine_S4","4","162","28.91422462463379","0.8250764608383179"
"module_no_sine_S4","4","163","29.881427764892578","0.8513506054878235"
"module_no_sine_S4","4","164","29.491477966308594","0.8379295468330383"
"module_no_sine_S4","4","165","28.48314094543457","0.7961082458496094"
"module_no_sine_S4","4","166","28.534076690673828","0.8044934272766113"
"module_no_sine_S4","4","167","28.967670440673828","0.8046779632568359"
"module_no_sine_S4","4","168","29.358993530273438","0.7967107892036438"
"module_no_sine_S4","4","169","28.687965393066406","0.8213438987731934"
"module_no_sine_S4","4","170","28.22293472290039","0.8024734854698181"
"module_no_sine_S4","4","171","29.82369613647461","0.8108407258987427"
"module_no_sine_S4","4","172","29.175643920898438","0.826472282409668"
"module_no_sine_S4","4","173","28.273178100585938","0.7523653507232666"
"module_no_sine_S4","4","174","29.119277954101562","0.839678943157196"
"module_no_sine_S4","4","175","29.866323471069336","0.8029558658599854"
"module_no_sine_S4","4","176","28.732118606567383","0.7988171577453613"
"module_no_sine_S4","4","177","28.249351501464844","0.7965364456176758"
"module_no_sine_S4","4","178","29.770126342773438","0.8501511812210083"
"module_no_sine_S4","4","179","28.60761260986328","0.7957881689071655"
"module_no_sine_S4","4","180","29.104108810424805","0.8150820136070251"
"module_no_sine_S4","4","181","28.911333084106445","0.780910849571228"
"module_no_sine_S4","4","182","28.9846248626709","0.8278907537460327"
"module_no_sine_S4","4","183","29.52344512939453","0.8119540214538574"
"module_no_sine_S4","4","184","28.97247314453125","0.7715486288070679"
"module_no_sine_S4","4","185","28.753854751586914","0.809326171875"
"module_no_sine_S4","4","186","28.699100494384766","0.8127602338790894"
"module_no_sine_S4","4","187","28.778993606567383","0.8062136173248291"
"module_no_sine_S4","4","188","28.239761352539062","0.7911219596862793"
"module_no_sine_S4","4","189","28.630868911743164","0.8045117855072021"
"module_no_sine_S4","4","190","29.455413818359375","0.8107367157936096"
"module_no_sine_S4","4","191","28.838096618652344","0.7871305346488953"
"module_no_sine_S4","4","192","29.44861602783203","0.8146802186965942"
"module_no_sine_S4","4","193","29.49089813232422","0.7979816794395447"
"module_no_sine_S4","4","194","28.96051788330078","0.806073784828186"
"module_no_sine_S4","4","195","29.498689651489258","0.8432720303535461"
"module_no_sine_S4","4","196","28.827312469482422","0.8233309984207153"
"module_no_sine_S4","4","197","28.27936553955078","0.7950814366340637"
"module_no_sine_S4","4","198","29.01394271850586","0.8091508150100708"
"module_no_sine_S4","4","199","29.071147918701172","0.817408561706543"
"module_no_ct_S8","8","0","29.399765014648438","0.8130789399147034"
"module_no_ct_S8","8","1","28.859350204467773","0.7964748740196228"
"module_no_ct_S8","8","2","31.544315338134766","0.8601759076118469"
"module_no_ct_S8","8","3","30.486865997314453","0.8488473892211914"
"module_no_ct_S8","8","4","31.58234405517578","0.8598613142967224"
"module_no_ct_S8","8","5","29.70076560974121","0.8161149621009827"
"module_no_ct_S8","8","6","29.975004196166992","0.786542534828186"
"module_no_ct_S8","8","7","30.398052215576172","0.8509781360626221"
"module_no_ct_S8","8","8","29.15591049194336","0.8104740381240845"
"module_no_ct_S8","8","9","30.608245849609375","0.8468732237815857"
"module_no_ct_S8","8","10","30.70561408996582","0.8577423691749573"
"module_no_ct_S8","8","11","29.14611053466797","0.8016438484191895"
"module_no_ct_S8","8","12","29.98611831665039","0.759728193283081"
"module_no_ct_S8","8","13","30.032955169677734","0.8367913961410522"
"module_no_ct_S8","8","14","28.43893814086914","0.7858322262763977"
"module_no_ct_S8","8","15","28.92306900024414","0.7760632038116455"
"module_no_ct_S8","8","16","30.411579132080078","0.8432391881942749"
"module_no_ct_S8","8","17","31.34234619140625","0.8514917492866516"
"module_no_ct_S8","8","18","27.750308990478516","0.774052083492279"
"module_no_ct_S8","8","19","28.624553680419922","0.7768697738647461"
"module_no_ct_S8","8","20","29.20692253112793","0.7897646427154541"
"module_no_ct_S8","8","21","30.71105194091797","0.8145627975463867"
"module_no_ct_S8","8","22","29.65746307373047","0.822319746017456"
"module_no_ct_S8","8","23","27.732688903808594","0.7597107291221619"
"module_no_ct_S8","8","24","29.135547637939453","0.8101752996444702"
"module_no_ct_S8","8","25","29.586402893066406","0.7974454164505005"
"module_no_ct_S8","8","26","29.589580535888672","0.8239387273788452"
"module_no_ct_S8","8","27","29.60826873779297","0.7897643446922302"
"module_no_ct_S8","8","28","29.228618621826172","0.8251165151596069"
"module_no_ct_S8","8","29","28.912395477294922","0.8206052184104919"
"module_no_ct_S8","8","30","31.881092071533203","0.856346070766449"
"module_no_ct_S8","8","31","29.786184310913086","0.8142954707145691"
"module_no_ct_S8","8","32","29.936161041259766","0.7896730303764343"
"module_no_ct_S8","8","33","29.4649658203125","0.7942821979522705"
"module_no_ct_S8","8","34","28.25485610961914","0.7959116697311401"
"module_no_ct_S8","8","35","28.86383056640625","0.7831456661224365"
"module_no_ct_S8","8","36","30.39739418029785","0.8307885527610779"
"module_no_ct_S8","8","37","30.02631378173828","0.8364510536193848"
"module_no_ct_S8","8","38","29.75583839416504","0.8325674533843994"
"module_no_ct_S8","8","39","28.8990421295166","0.8069610595703125"
"module_no_ct_S8","8","40","29.951763153076172","0.7863689064979553"
"module_no_ct_S8","8","41","29.560340881347656","0.8228816986083984"
"module_no_ct_S8","8","42","30.869876861572266","0.834930956363678"
"module_no_ct_S8","8","43","29.25394058227539","0.8193178772926331"
"module_no_ct_S8","8","44","31.288219451904297","0.852039098739624"
"module_no_ct_S8","8","45","28.717487335205078","0.8037810325622559"
"module_no_ct_S8","8","46","29.458518981933594","0.8101181983947754"
"module_no_ct_S8","8","47","30.71142578125","0.8318629264831543"
"module_no_ct_S8","8","48","30.703845977783203","0.8127174377441406"
"module_no_ct_S8","8","49","28.01957893371582","0.7974075675010681"
"module_no_ct_S8","8","50","29.526653289794922","0.8283554315567017"
"module_no_ct_S8","8","51","30.33446502685547","0.8155782222747803"
"module_no_ct_S8","8","52","28.877744674682617","0.8315496444702148"
"module_no_ct_S8","8","53","30.331600189208984","0.8022716045379639"
"module_no_ct_S8","8","54","30.583892822265625","0.8551478981971741"
"module_no_ct_S8","8","55","30.179203033447266","0.8128151297569275"
"module_no_ct_S8","8","56","27.428682327270508","0.7628082036972046"
"module_no_ct_S8","8","57","29.704484939575195","0.8290812969207764"
"module_no_ct_S8","8","58","30.308059692382812","0.8392690420150757"
"module_no_ct_S8","8","59","28.812152862548828","0.7728995084762573"
"module_no_ct_S8","8","60","30.014034271240234","0.8193689584732056"
"module_no_ct_S8","8","61","29.93508529663086","0.8403320908546448"
"module_no_ct_S8","8","62","32.189205169677734","0.8653383255004883"
"module_no_ct_S8","8","63","28.32459259033203","0.7868853807449341"
"module_no_ct_S8","8","64","30.08242416381836","0.8297406435012817"
"module_no_ct_S8","8","65","30.001846313476562","0.8292566537857056"
"module_no_ct_S8","8","66","30.445999145507812","0.8041118383407593"
"module_no_ct_S8","8","67","27.96259117126465","0.7462513446807861"
"module_no_ct_S8","8","68","30.045129776000977","0.8350908756256104"
"module_no_ct_S8","8","69","29.70825958251953","0.8347315192222595"
"module_no_ct_S8","8","70","30.045459747314453","0.8365066647529602"
"module_no_ct_S8","8","71","29.230974197387695","0.8199061155319214"
"module_no_ct_S8","8","72","29.113346099853516","0.7916781902313232"
"module_no_ct_S8","8","73","31.020734786987305","0.809577465057373"
"module_no_ct_S8","8","74","29.508548736572266","0.8174669742584229"
"module_no_ct_S8","8","75","29.15118408203125","0.800029993057251"
"module_no_ct_S8","8","76","30.50957679748535","0.8038821220397949"
"module_no_ct_S8","8","77","30.043535232543945","0.8349295854568481"
"module_no_ct_S8","8","78","28.522296905517578","0.8037768602371216"
"module_no_ct_S8","8","79","29.15389633178711","0.7876642346382141"
"module_no_ct_S8","8","80","29.14076805114746","0.8171268701553345"
"module_no_ct_S8","8","81","30.832393646240234","0.8345427513122559"
"module_no_ct_S8","8","82","30.45314598083496","0.8401509523391724"
"module_no_ct_S8","8","83","28.103649139404297","0.7764921188354492"
"module_no_ct_S8","8","84","30.42039680480957","0.8413042426109314"
"module_no_ct_S8","8","85","30.092409133911133","0.8336566686630249"
"module_no_ct_S8","8","86","30.448654174804688","0.8463746309280396"
"module_no_ct_S8","8","87","30.30169677734375","0.8084313869476318"
"module_no_ct_S8","8","88","30.55891990661621","0.8329265713691711"
"module_no_ct_S8","8","89","28.11780548095703","0.7723345756530762"
"module_no_ct_S8","8","90","29.056318283081055","0.7774282097816467"
"module_no_ct_S8","8","91","30.77324676513672","0.820408821105957"
"module_no_ct_S8","8","92","30.783321380615234","0.8336648941040039"
"module_no_ct_S8","8","93","29.15427017211914","0.7986441850662231"
"module_no_ct_S8","8","94","30.27366828918457","0.8342587351799011"
"module_no_ct_S8","8","95","29.83030128479004","0.7834534645080566"
"module_no_ct_S8","8","96","29.824462890625","0.8230155110359192"
"module_no_ct_S8","8","97","29.729000091552734","0.7841423749923706"
"module_no_ct_S8","8","98","30.66967010498047","0.8463559746742249"
"module_no_ct_S8","8","99","29.459430694580078","0.8310348987579346"
"module_no_ct_S8","8","100","29.743045806884766","0.8525456190109253"
"module_no_ct_S8","8","101","29.494619369506836","0.8114445805549622"
"module_no_ct_S8","8","102","30.290908813476562","0.8443177938461304"
"module_no_ct_S8","8","103","29.08417510986328","0.8167505860328674"
"module_no_ct_S8","8","104","29.771223068237305","0.8265149593353271"
"module_no_ct_S8","8","105","29.892513275146484","0.837274968624115"
"module_no_ct_S8","8","106","31.369665145874023","0.8406261801719666"
"module_no_ct_S8","8","107","30.597288131713867","0.8401079177856445"
"module_no_ct_S8","8","108","29.691364288330078","0.8161269426345825"
"module_no_ct_S8","8","109","30.35657501220703","0.8305123448371887"
"module_no_ct_S8","8","110","30.209796905517578","0.8346527218818665"
"module_no_ct_S8","8","111","28.936973571777344","0.813511848449707"
"module_no_ct_S8","8","112","29.555240631103516","0.8044813275337219"
"module_no_ct_S8","8","113","30.802698135375977","0.8673909902572632"
"module_no_ct_S8","8","114","31.497039794921875","0.8603765964508057"
"module_no_ct_S8","8","115","29.89373207092285","0.7862538695335388"
"module_no_ct_S8","8","116","29.055564880371094","0.7652958631515503"
"module_no_ct_S8","8","117","28.51588249206543","0.7751132249832153"
"module_no_ct_S8","8","118","30.112083435058594","0.828930139541626"
"module_no_ct_S8","8","119","30.482772827148438","0.7809759378433228"
"module_no_ct_S8","8","120","29.602676391601562","0.8184248208999634"
"module_no_ct_S8","8","121","28.680389404296875","0.7863423824310303"
"module_no_ct_S8","8","122","27.50375747680664","0.7677367925643921"
"module_no_ct_S8","8","123","29.85693359375","0.8198820948600769"
"module_no_ct_S8","8","124","28.758609771728516","0.788612961769104"
"module_no_ct_S8","8","125","29.4135684967041","0.7651329040527344"
"module_no_ct_S8","8","126","29.216976165771484","0.8177710771560669"
"module_no_ct_S8","8","127","30.228158950805664","0.8456909656524658"
"module_no_ct_S8","8","128","30.154142379760742","0.8414750099182129"
"module_no_ct_S8","8","129","30.64690399169922","0.8213053941726685"
"module_no_ct_S8","8","130","29.048141479492188","0.8298781514167786"
"module_no_ct_S8","8","131","30.233003616333008","0.8423070907592773"
"module_no_ct_S8","8","132","30.646224975585938","0.849388062953949"
"module_no_ct_S8","8","133","28.189619064331055","0.802950382232666"
"module_no_ct_S8","8","134","29.73200225830078","0.8246016502380371"
"module_no_ct_S8","8","135","28.955482482910156","0.780490517616272"
"module_no_ct_S8","8","136","29.967227935791016","0.7977026700973511"
"module_no_ct_S8","8","137","29.29216194152832","0.7943192720413208"
"module_no_ct_S8","8","138","30.15960693359375","0.7987755537033081"
"module_no_ct_S8","8","139","30.083599090576172","0.8336586952209473"
"module_no_ct_S8","8","140","30.510276794433594","0.8409086465835571"
"module_no_ct_S8","8","141","29.881956100463867","0.8346509337425232"
"module_no_ct_S8","8","142","30.67132568359375","0.8133773803710938"
"module_no_ct_S8","8","143","29.196502685546875","0.8009639382362366"
"module_no_ct_S8","8","144","28.15744400024414","0.7559467554092407"
"module_no_ct_S8","8","145","29.80304527282715","0.8257187604904175"
"module_no_ct_S8","8","146","30.387603759765625","0.8429697751998901"
"module_no_ct_S8","8","147","31.325580596923828","0.8580538034439087"
"module_no_ct_S8","8","148","29.873992919921875","0.8203653693199158"
"module_no_ct_S8","8","149","30.692527770996094","0.857098400592804"
"module_no_ct_S8","8","150","29.488019943237305","0.8045580387115479"
"module_no_ct_S8","8","151","29.71746253967285","0.8067221641540527"
"module_no_ct_S8","8","152","29.98389434814453","0.7798182964324951"
"module_no_ct_S8","8","153","29.65231704711914","0.827251136302948"
"module_no_ct_S8","8","154","29.75809097290039","0.7879113554954529"
"module_no_ct_S8","8","155","27.883377075195312","0.7721370458602905"
"module_no_ct_S8","8","156","29.71868896484375","0.8230417966842651"
"module_no_ct_S8","8","157","29.91851043701172","0.8300506472587585"
"module_no_ct_S8","8","158","28.630640029907227","0.7912096381187439"
"module_no_ct_S8","8","159","29.81661033630371","0.8326293230056763"
"module_no_ct_S8","8","160","30.056381225585938","0.8208726644515991"
"module_no_ct_S8","8","161","29.154056549072266","0.786883533000946"
"module_no_ct_S8","8","162","29.492015838623047","0.8172388076782227"
"module_no_ct_S8","8","163","31.06039810180664","0.8679459095001221"
"module_no_ct_S8","8","164","30.110816955566406","0.8300721645355225"
"module_no_ct_S8","8","165","29.00922966003418","0.7991681694984436"
"module_no_ct_S8","8","166","27.48822784423828","0.7615546584129333"
"module_no_ct_S8","8","167","29.497726440429688","0.8283771276473999"
"module_no_ct_S8","8","168","29.981460571289062","0.7866942286491394"
"module_no_ct_S8","8","169","29.121437072753906","0.815345287322998"
"module_no_ct_S8","8","170","28.139562606811523","0.7963698506355286"
"module_no_ct_S8","8","171","30.118446350097656","0.8304449319839478"
"module_no_ct_S8","8","172","29.625356674194336","0.8158928155899048"
"module_no_ct_S8","8","173","31.05396270751953","0.8050230741500854"
"module_no_ct_S8","8","174","29.85352325439453","0.8347544074058533"
"module_no_ct_S8","8","175","30.39434814453125","0.8038881421089172"
"module_no_ct_S8","8","176","29.04722023010254","0.7887484431266785"
"module_no_ct_S8","8","177","27.37017059326172","0.7376103401184082"
"module_no_ct_S8","8","178","29.886219024658203","0.8320103883743286"
"module_no_ct_S8","8","179","28.94209861755371","0.7934942245483398"
"module_no_ct_S8","8","180","29.371715545654297","0.8210822343826294"
"module_no_ct_S8","8","181","28.887725830078125","0.7677894830703735"
"module_no_ct_S8","8","182","29.624671936035156","0.8210815787315369"
"module_no_ct_S8","8","183","29.869081497192383","0.8071213960647583"
"module_no_ct_S8","8","184","30.86474609375","0.8142639398574829"
"module_no_ct_S8","8","185","29.247791290283203","0.8104844093322754"
"module_no_ct_S8","8","186","29.047767639160156","0.8075743913650513"
"module_no_ct_S8","8","187","29.16120719909668","0.8056538105010986"
"module_no_ct_S8","8","188","27.441364288330078","0.7434031963348389"
"module_no_ct_S8","8","189","29.09426498413086","0.7984827756881714"
"module_no_ct_S8","8","190","30.097766876220703","0.8142529726028442"
"module_no_ct_S8","8","191","29.39725112915039","0.7803324460983276"
"module_no_ct_S8","8","192","30.147113800048828","0.8365646600723267"
"module_no_ct_S8","8","193","30.116565704345703","0.789874792098999"
"module_no_ct_S8","8","194","29.85369110107422","0.7932174205780029"
"module_no_ct_S8","8","195","29.85660743713379","0.8346960544586182"
"module_no_ct_S8","8","196","29.28518295288086","0.814085841178894"
"module_no_ct_S8","8","197","28.869068145751953","0.793008029460907"
"module_no_ct_S8","8","198","29.233314514160156","0.8117039203643799"
"module_no_ct_S8","8","199","27.927148818969727","0.7686606645584106"
"module_no_sine_S8","8","0","28.069374084472656","0.797319769859314"
"module_no_sine_S8","8","1","27.61969757080078","0.7813411355018616"
"module_no_sine_S8","8","2","30.041940689086914","0.8412944674491882"
"module_no_sine_S8","8","3","29.209157943725586","0.8402670621871948"
"module_no_sine_S8","8","4","30.22527503967285","0.8421698808670044"
"module_no_sine_S8","8","5","28.510787963867188","0.7857121229171753"
"module_no_sine_S8","8","6","28.510875701904297","0.7811232805252075"
"module_no_sine_S8","8","7","28.998043060302734","0.8219730257987976"
"module_no_sine_S8","8","8","28.092437744140625","0.7815636396408081"
"module_no_sine_S8","8","9","28.848379135131836","0.8196030855178833"
"module_no_sine_S8","8","10","29.013765335083008","0.8271470069885254"
"module_no_sine_S8","8","11","28.180971145629883","0.7867503762245178"
"module_no_sine_S8","8","12","29.000940322875977","0.7459988594055176"
"module_no_sine_S8","8","13","28.497753143310547","0.8160027265548706"
"module_no_sine_S8","8","14","27.363113403320312","0.7766227722167969"
"module_no_sine_S8","8","15","27.618377685546875","0.7558139562606812"
"module_no_sine_S8","8","16","28.836997985839844","0.8190780878067017"
"module_no_sine_S8","8","17","29.954463958740234","0.838107705116272"
"module_no_sine_S8","8","18","27.154218673706055","0.7706730961799622"
"module_no_sine_S8","8","19","27.285907745361328","0.7564495801925659"
"module_no_sine_S8","8","20","27.760560989379883","0.7745293974876404"
"module_no_sine_S8","8","21","28.998498916625977","0.7713462710380554"
"module_no_sine_S8","8","22","28.47113609313965","0.7896698713302612"
"module_no_sine_S8","8","23","28.264883041381836","0.7849575281143188"
"module_no_sine_S8","8","24","28.027664184570312","0.7986217737197876"
"module_no_sine_S8","8","25","28.182926177978516","0.7824220061302185"
"module_no_sine_S8","8","26","28.145687103271484","0.8022047281265259"
"module_no_sine_S8","8","27","28.477041244506836","0.7832143306732178"
"module_no_sine_S8","8","28","28.066009521484375","0.7879619598388672"
"module_no_sine_S8","8","29","28.290706634521484","0.8163570165634155"
"module_no_sine_S8","8","30","30.481651306152344","0.8374900221824646"
"module_no_sine_S8","8","31","28.604427337646484","0.7977996468544006"
"module_no_sine_S8","8","32","28.820266723632812","0.7893263101577759"
"module_no_sine_S8","8","33","28.295133590698242","0.7812996506690979"
"module_no_sine_S8","8","34","28.459863662719727","0.809466540813446"
"module_no_sine_S8","8","35","27.512287139892578","0.7618958950042725"
"module_no_sine_S8","8","36","28.969945907592773","0.7890966534614563"
"module_no_sine_S8","8","37","28.555994033813477","0.7955732345581055"
"module_no_sine_S8","8","38","28.459367752075195","0.815142810344696"
"module_no_sine_S8","8","39","28.0385684967041","0.8034818768501282"
"module_no_sine_S8","8","40","28.59909439086914","0.7817522287368774"
"module_no_sine_S8","8","41","28.24945831298828","0.8135253190994263"
"module_no_sine_S8","8","42","29.574604034423828","0.811632513999939"
"module_no_sine_S8","8","43","27.815855026245117","0.7849666476249695"
"module_no_sine_S8","8","44","29.83390998840332","0.8363257050514221"
"module_no_sine_S8","8","45","28.67439079284668","0.8088316917419434"
"module_no_sine_S8","8","46","28.174360275268555","0.7823129892349243"
"module_no_sine_S8","8","47","29.27006721496582","0.8072527647018433"
"module_no_sine_S8","8","48","27.98250961303711","0.7664361596107483"
"module_no_sine_S8","8","49","27.152482986450195","0.7836699485778809"
"module_no_sine_S8","8","50","27.937515258789062","0.7840644121170044"
"module_no_sine_S8","8","51","29.150733947753906","0.7915834784507751"
"module_no_sine_S8","8","52","27.840375900268555","0.8216359615325928"
"module_no_sine_S8","8","53","29.180831909179688","0.7931690216064453"
"module_no_sine_S8","8","54","28.908374786376953","0.8253028392791748"
"module_no_sine_S8","8","55","28.826704025268555","0.7958524227142334"
"module_no_sine_S8","8","56","27.41631317138672","0.777694821357727"
"module_no_sine_S8","8","57","28.15943145751953","0.8048030138015747"
"module_no_sine_S8","8","58","28.78402328491211","0.8138327598571777"
"module_no_sine_S8","8","59","27.651674270629883","0.7583645582199097"
"module_no_sine_S8","8","60","28.746366500854492","0.8068826198577881"
"module_no_sine_S8","8","61","28.406787872314453","0.8268100023269653"
"module_no_sine_S8","8","62","30.829355239868164","0.8462324142456055"
"module_no_sine_S8","8","63","27.27825927734375","0.7624630928039551"
"module_no_sine_S8","8","64","28.726110458374023","0.8128038644790649"
"module_no_sine_S8","8","65","28.791969299316406","0.7915793061256409"
"module_no_sine_S8","8","66","27.88909149169922","0.7572110891342163"
"module_no_sine_S8","8","67","29.105833053588867","0.7932927012443542"
"module_no_sine_S8","8","68","28.80621337890625","0.8008919358253479"
"module_no_sine_S8","8","69","28.216306686401367","0.7866952419281006"
"module_no_sine_S8","8","70","28.675159454345703","0.8148823976516724"
"module_no_sine_S8","8","71","28.005699157714844","0.7996889352798462"
"module_no_sine_S8","8","72","27.738216400146484","0.7761279940605164"
"module_no_sine_S8","8","73","28.762004852294922","0.7576048374176025"
"module_no_sine_S8","8","74","28.234663009643555","0.8059912919998169"
"module_no_sine_S8","8","75","27.890010833740234","0.7775789499282837"
"module_no_sine_S8","8","76","28.122577667236328","0.7550119161605835"
"module_no_sine_S8","8","77","28.72037124633789","0.8144687414169312"
"module_no_sine_S8","8","78","28.441781997680664","0.8083617687225342"
"module_no_sine_S8","8","79","27.769338607788086","0.7663552165031433"
"module_no_sine_S8","8","80","28.176076889038086","0.7862015962600708"
"module_no_sine_S8","8","81","29.560224533081055","0.8103734254837036"
"module_no_sine_S8","8","82","29.100414276123047","0.825690507888794"
"module_no_sine_S8","8","83","27.21865463256836","0.7660777568817139"
"module_no_sine_S8","8","84","28.85308837890625","0.8162223100662231"
"module_no_sine_S8","8","85","28.821510314941406","0.8213752508163452"
"module_no_sine_S8","8","86","28.825790405273438","0.8229001760482788"
"module_no_sine_S8","8","87","28.875011444091797","0.783223032951355"
"module_no_sine_S8","8","88","28.95325469970703","0.8030599355697632"
"module_no_sine_S8","8","89","28.5012149810791","0.7900588512420654"
"module_no_sine_S8","8","90","27.708730697631836","0.7584354877471924"
"module_no_sine_S8","8","91","29.389829635620117","0.8025640249252319"
"module_no_sine_S8","8","92","29.483919143676758","0.8101745247840881"
"module_no_sine_S8","8","93","27.735149383544922","0.7781051397323608"
"module_no_sine_S8","8","94","28.835914611816406","0.7989007234573364"
"module_no_sine_S8","8","95","28.765371322631836","0.7702434659004211"
"module_no_sine_S8","8","96","28.570194244384766","0.8091319799423218"
"module_no_sine_S8","8","97","28.088476181030273","0.7758937478065491"
"module_no_sine_S8","8","98","28.845149993896484","0.8177777528762817"
"module_no_sine_S8","8","99","28.233657836914062","0.8144291639328003"
"module_no_sine_S8","8","100","29.13017463684082","0.8432700037956238"
"module_no_sine_S8","8","101","28.130950927734375","0.7854141592979431"
"module_no_sine_S8","8","102","28.945266723632812","0.821940541267395"
"module_no_sine_S8","8","103","27.73116111755371","0.7841558456420898"
"module_no_sine_S8","8","104","28.413122177124023","0.8059769868850708"
"module_no_sine_S8","8","105","28.45929718017578","0.7904223203659058"
"module_no_sine_S8","8","106","30.20672035217285","0.7995442152023315"
"module_no_sine_S8","8","107","29.053627014160156","0.8236166834831238"
"module_no_sine_S8","8","108","28.342439651489258","0.7990697622299194"
"module_no_sine_S8","8","109","29.199493408203125","0.7946668863296509"
"module_no_sine_S8","8","110","28.853717803955078","0.7964016199111938"
"module_no_sine_S8","8","111","29.033790588378906","0.8219186067581177"
"module_no_sine_S8","8","112","28.150300979614258","0.7824029922485352"
"module_no_sine_S8","8","113","29.194007873535156","0.8422122001647949"
"module_no_sine_S8","8","114","30.135019302368164","0.8416881561279297"
"module_no_sine_S8","8","115","28.376787185668945","0.7802032232284546"
"module_no_sine_S8","8","116","28.150760650634766","0.7594183683395386"
"module_no_sine_S8","8","117","27.49010467529297","0.7564958333969116"
"module_no_sine_S8","8","118","29.070453643798828","0.8280035257339478"
"module_no_sine_S8","8","119","29.130115509033203","0.758863091468811"
"module_no_sine_S8","8","120","28.180334091186523","0.7995575666427612"
"module_no_sine_S8","8","121","27.713468551635742","0.7782078385353088"
"module_no_sine_S8","8","122","27.60064697265625","0.7834081649780273"
"module_no_sine_S8","8","123","28.52730941772461","0.8044427633285522"
"module_no_sine_S8","8","124","27.489688873291016","0.7607626914978027"
"module_no_sine_S8","8","125","28.399070739746094","0.7593700289726257"
"module_no_sine_S8","8","126","27.999040603637695","0.7882070541381836"
"module_no_sine_S8","8","127","28.860660552978516","0.8220083117485046"
"module_no_sine_S8","8","128","28.84189224243164","0.8219882249832153"
"module_no_sine_S8","8","129","29.439010620117188","0.8037233948707581"
"module_no_sine_S8","8","130","27.734642028808594","0.7826452255249023"
"module_no_sine_S8","8","131","28.537099838256836","0.7914010286331177"
"module_no_sine_S8","8","132","29.13134765625","0.829811692237854"
"module_no_sine_S8","8","133","28.1574649810791","0.817986011505127"
"module_no_sine_S8","8","134","28.80545425415039","0.8138527274131775"
"module_no_sine_S8","8","135","27.563880920410156","0.7647769451141357"
"module_no_sine_S8","8","136","28.701763153076172","0.7839794754981995"
"module_no_sine_S8","8","137","28.096181869506836","0.7780190706253052"
"module_no_sine_S8","8","138","29.099105834960938","0.7920999526977539"
"module_no_sine_S8","8","139","28.652671813964844","0.7907266616821289"
"module_no_sine_S8","8","140","28.911861419677734","0.8167508840560913"
"module_no_sine_S8","8","141","28.586509704589844","0.7997952699661255"
"module_no_sine_S8","8","142","28.927810668945312","0.7682904005050659"
"module_no_sine_S8","8","143","27.868432998657227","0.7777007818222046"
"module_no_sine_S8","8","144","29.15709686279297","0.8028327226638794"
"module_no_sine_S8","8","145","28.619632720947266","0.7903568744659424"
"module_no_sine_S8","8","146","28.64361572265625","0.8169760704040527"
"module_no_sine_S8","8","147","29.73663330078125","0.8381226062774658"
"module_no_sine_S8","8","148","28.407705307006836","0.8033637404441833"
"module_no_sine_S8","8","149","29.071901321411133","0.8254114389419556"
"module_no_sine_S8","8","150","28.30744743347168","0.7807032465934753"
"module_no_sine_S8","8","151","28.307292938232422","0.7857551574707031"
"module_no_sine_S8","8","152","29.088335037231445","0.7779701352119446"
"module_no_sine_S8","8","153","28.440244674682617","0.7943792939186096"
"module_no_sine_S8","8","154","28.43543243408203","0.7745850682258606"
"module_no_sine_S8","8","155","28.301164627075195","0.7874495387077332"
"module_no_sine_S8","8","156","28.465452194213867","0.7902415990829468"
"module_no_sine_S8","8","157","28.639022827148438","0.8163173198699951"
"module_no_sine_S8","8","158","27.559797286987305","0.7784674167633057"
"module_no_sine_S8","8","159","28.508825302124023","0.813064694404602"
"module_no_sine_S8","8","160","28.59189224243164","0.8040125370025635"
"module_no_sine_S8","8","161","27.80958366394043","0.7698953747749329"
"module_no_sine_S8","8","162","28.244401931762695","0.8033498525619507"
"module_no_sine_S8","8","163","29.276752471923828","0.8348203301429749"
"module_no_sine_S8","8","164","28.830148696899414","0.8153899908065796"
"module_no_sine_S8","8","165","27.732852935791016","0.7732267379760742"
"module_no_sine_S8","8","166","27.660104751586914","0.7781512141227722"
"module_no_sine_S8","8","167","27.860023498535156","0.7793101072311401"
"module_no_sine_S8","8","168","28.875640869140625","0.7840811014175415"
"module_no_sine_S8","8","169","27.82404136657715","0.7970470786094666"
"module_no_sine_S8","8","170","27.07900047302246","0.7756642699241638"
"module_no_sine_S8","8","171","28.982616424560547","0.7893925905227661"
"module_no_sine_S8","8","172","28.488962173461914","0.8068462610244751"
"module_no_sine_S8","8","173","27.98358917236328","0.7485536932945251"
"module_no_sine_S8","8","174","28.486820220947266","0.8135925531387329"
"module_no_sine_S8","8","175","29.281951904296875","0.7941405773162842"
"module_no_sine_S8","8","176","27.91870880126953","0.7733035087585449"
"module_no_sine_S8","8","177","27.654926300048828","0.7747595906257629"
"module_no_sine_S8","8","178","28.728153228759766","0.8216250538825989"
"module_no_sine_S8","8","179","27.570247650146484","0.7684352397918701"
"module_no_sine_S8","8","180","28.431320190429688","0.7971394062042236"
"module_no_sine_S8","8","181","28.087326049804688","0.7557514905929565"
"module_no_sine_S8","8","182","28.15569305419922","0.802061140537262"
"module_no_sine_S8","8","183","28.699195861816406","0.7893642783164978"
"module_no_sine_S8","8","184","28.27114486694336","0.7656925916671753"
"module_no_sine_S8","8","185","27.935237884521484","0.7866708040237427"
"module_no_sine_S8","8","186","27.915019989013672","0.7908294200897217"
"module_no_sine_S8","8","187","27.865942001342773","0.7845909595489502"
"module_no_sine_S8","8","188","27.63181495666504","0.7719260454177856"
"module_no_sine_S8","8","189","27.8199405670166","0.7813186645507812"
"module_no_sine_S8","8","190","28.787803649902344","0.7915468215942383"
"module_no_sine_S8","8","191","28.25244140625","0.7697006464004517"
"module_no_sine_S8","8","192","28.677974700927734","0.7930305004119873"
"module_no_sine_S8","8","193","28.817157745361328","0.7837088108062744"
"module_no_sine_S8","8","194","28.652690887451172","0.7928210496902466"
"module_no_sine_S8","8","195","28.224773406982422","0.8100208044052124"
"module_no_sine_S8","8","196","27.918054580688477","0.7975801229476929"
"module_no_sine_S8","8","197","27.49758529663086","0.7720165848731995"
"module_no_sine_S8","8","198","28.164836883544922","0.7843774557113647"
"module_no_sine_S8","8","199","28.49640655517578","0.7939493656158447"
